window_id,equipment_id,timestamp,sensor_name,value,unit,period,provenance,prediction,rule_hits
M4-CAL-029,EQ-FAN-284,2026-01-02T00:00:00Z,vibration_mm_s,2.75,mm/s,2026-S1,fabriquée,réelle,none
M4-CAL-029,EQ-FAN-284,2026-01-02T06:00:00Z,vibration_mm_s,2.78,mm/s,2026-S1,fabriquée,réelle,none
M4-CAL-029,EQ-FAN-284,2026-01-02T12:00:00Z,vibration_mm_s,2.78,mm/s,2026-S1,fabriquée,réelle,none
M4-CAL-029,EQ-FAN-284,2026-01-02T18:00:00Z,vibration_mm_s,2.74,mm/s,2026-S1,fabriquée,réelle,none
M4-CAL-029,EQ-FAN-284,2026-01-03T00:00:00Z,vibration_mm_s,3.25,mm/s,2026-S1,fabriquée,réelle,none
M4-CAL-029,EQ-FAN-284,2026-01-03T06:00:00Z,vibration_mm_s,2.38,mm/s,2026-S1,fabriquée,réelle,none
M4-CAL-029,EQ-FAN-284,2026-01-03T12:00:00Z,vibration_mm_s,2.62,mm/s,2026-S1,fabriquée,réelle,none
M4-CAL-029,EQ-FAN-284,2026-01-03T18:00:00Z,vibration_mm_s,2.63,mm/s,2026-S1,fabriquée,réelle,none
M4-CAL-029,EQ-FAN-284,2026-01-04T00:00:00Z,vibration_mm_s,3.04,mm/s,2026-S1,fabriquée,réelle,none
M4-CAL-029,EQ-FAN-284,2026-01-04T06:00:00Z,vibration_mm_s,2.64,mm/s,2026-S1,fabriquée,réelle,none
M4-CAL-029,EQ-FAN-284,2026-01-04T12:00:00Z,vibration_mm_s,2.40,mm/s,2026-S1,fabriquée,réelle,none
M4-CAL-029,EQ-FAN-284,2026-01-04T18:00:00Z,vibration_mm_s,2.91,mm/s,2026-S1,fabriquée,réelle,none
M4-CAL-029,EQ-FAN-284,2026-01-05T00:00:00Z,vibration_mm_s,3.13,mm/s,2026-S1,fabriquée,réelle,none
M4-CAL-029,EQ-FAN-284,2026-01-05T06:00:00Z,vibration_mm_s,2.07,mm/s,2026-S1,fabriquée,réelle,none
M4-CAL-029,EQ-FAN-284,2026-01-05T12:00:00Z,vibration_mm_s,2.21,mm/s,2026-S1,fabriquée,réelle,none
M4-CAL-029,EQ-FAN-284,2026-01-05T18:00:00Z,vibration_mm_s,2.91,mm/s,2026-S1,fabriquée,réelle,none
M4-CAL-029,EQ-FAN-284,2026-01-06T00:00:00Z,vibration_mm_s,2.66,mm/s,2026-S1,fabriquée,réelle,none
M4-CAL-029,EQ-FAN-284,2026-01-06T06:00:00Z,vibration_mm_s,2.63,mm/s,2026-S1,fabriquée,réelle,none
M4-CAL-029,EQ-FAN-284,2026-01-06T12:00:00Z,vibration_mm_s,2.48,mm/s,2026-S1,fabriquée,réelle,none
M4-CAL-029,EQ-FAN-284,2026-01-06T18:00:00Z,vibration_mm_s,2.89,mm/s,2026-S1,fabriquée,réelle,none
M4-CAL-029,EQ-FAN-284,2026-01-07T00:00:00Z,vibration_mm_s,3.12,mm/s,2026-S1,fabriquée,réelle,none
M4-CAL-029,EQ-FAN-284,2026-01-07T06:00:00Z,vibration_mm_s,2.61,mm/s,2026-S1,fabriquée,réelle,none
M4-CAL-029,EQ-FAN-284,2026-01-07T12:00:00Z,vibration_mm_s,2.54,mm/s,2026-S1,fabriquée,réelle,none
M4-CAL-029,EQ-FAN-284,2026-01-07T18:00:00Z,vibration_mm_s,3.13,mm/s,2026-S1,fabriquée,réelle,none
M4-CAL-029,EQ-FAN-284,2026-01-08T00:00:00Z,vibration_mm_s,3.08,mm/s,2026-S1,fabriquée,réelle,none
M4-CAL-029,EQ-FAN-284,2026-01-08T06:00:00Z,vibration_mm_s,2.52,mm/s,2026-S1,fabriquée,réelle,none
M4-CAL-029,EQ-FAN-284,2026-01-08T12:00:00Z,vibration_mm_s,2.12,mm/s,2026-S1,fabriquée,réelle,none
M4-CAL-029,EQ-FAN-284,2026-01-08T18:00:00Z,vibration_mm_s,3.03,mm/s,2026-S1,fabriquée,réelle,none
M4-CAL-029,EQ-FAN-284,2026-01-09T00:00:00Z,vibration_mm_s,3.10,mm/s,2026-S1,fabriquée,réelle,none
M4-CAL-029,EQ-FAN-284,2026-01-09T06:00:00Z,vibration_mm_s,2.81,mm/s,2026-S1,fabriquée,réelle,none
M4-CAL-017,EQ-COMP-233,2026-01-09 12:00:00,temperature_c,54.13,°C,2026-S1,réelle,fabriquée,M3-TIMESTAMP
M4-CAL-017,EQ-COMP-233,2026-01-09 18:00:00,temperature_c,61.05,°C,2026-S1,réelle,fabriquée,M3-TIMESTAMP
M4-CAL-017,EQ-COMP-233,2026-01-10 00:00:00,temperature_c,62.80,°C,2026-S1,réelle,fabriquée,M3-TIMESTAMP
M4-CAL-017,EQ-COMP-233,2026-01-10 06:00:00,temperature_c,57.85,°C,2026-S1,réelle,fabriquée,M3-TIMESTAMP
M4-CAL-017,EQ-COMP-233,2026-01-10 12:00:00,temperature_c,53.54,°C,2026-S1,réelle,fabriquée,M3-TIMESTAMP
M4-CAL-017,EQ-COMP-233,2026-01-10 18:00:00,temperature_c,57.76,°C,2026-S1,réelle,fabriquée,M3-TIMESTAMP
M4-CAL-017,EQ-COMP-233,2026-01-11 00:00:00,temperature_c,62.23,°C,2026-S1,réelle,fabriquée,M3-TIMESTAMP
M4-CAL-017,EQ-COMP-233,2026-01-11 06:00:00,temperature_c,59.77,°C,2026-S1,réelle,fabriquée,M3-TIMESTAMP
M4-CAL-017,EQ-COMP-233,2026-01-11 12:00:00,temperature_c,55.27,°C,2026-S1,réelle,fabriquée,M3-TIMESTAMP
M4-CAL-017,EQ-COMP-233,2026-01-11 18:00:00,temperature_c,53.53,°C,2026-S1,réelle,fabriquée,M3-TIMESTAMP
M4-CAL-017,EQ-COMP-233,2026-01-12 00:00:00,temperature_c,62.73,°C,2026-S1,réelle,fabriquée,M3-TIMESTAMP
M4-CAL-017,EQ-COMP-233,2026-01-12 06:00:00,temperature_c,60.37,°C,2026-S1,réelle,fabriquée,M3-TIMESTAMP
M4-CAL-017,EQ-COMP-233,2026-01-12 12:00:00,temperature_c,53.40,°C,2026-S1,réelle,fabriquée,M3-TIMESTAMP
M4-CAL-017,EQ-COMP-233,2026-01-12 18:00:00,temperature_c,61.32,°C,2026-S1,réelle,fabriquée,M3-TIMESTAMP
M4-CAL-017,EQ-COMP-233,2026-01-13 00:00:00,temperature_c,66.37,°C,2026-S1,réelle,fabriquée,M3-TIMESTAMP
M4-CAL-017,EQ-COMP-233,2026-01-13 06:00:00,temperature_c,60.44,°C,2026-S1,réelle,fabriquée,M3-TIMESTAMP
M4-CAL-017,EQ-COMP-233,2026-01-13 12:00:00,temperature_c,56.25,°C,2026-S1,réelle,fabriquée,M3-TIMESTAMP
M4-CAL-017,EQ-COMP-233,2026-01-13 18:00:00,temperature_c,59.18,°C,2026-S1,réelle,fabriquée,M3-TIMESTAMP
M4-CAL-017,EQ-COMP-233,2026-01-14 00:00:00,temperature_c,65.17,°C,2026-S1,réelle,fabriquée,M3-TIMESTAMP
M4-CAL-017,EQ-COMP-233,2026-01-14 06:00:00,temperature_c,60.80,°C,2026-S1,réelle,fabriquée,M3-TIMESTAMP
M4-CAL-017,EQ-COMP-233,2026-01-14 12:00:00,temperature_c,55.50,°C,2026-S1,réelle,fabriquée,M3-TIMESTAMP
M4-CAL-017,EQ-COMP-233,2026-01-14 18:00:00,temperature_c,57.94,°C,2026-S1,réelle,fabriquée,M3-TIMESTAMP
M4-CAL-017,EQ-COMP-233,2026-01-15 00:00:00,temperature_c,62.94,°C,2026-S1,réelle,fabriquée,M3-TIMESTAMP
M4-CAL-017,EQ-COMP-233,2026-01-15 06:00:00,temperature_c,60.48,°C,2026-S1,réelle,fabriquée,M3-TIMESTAMP
M4-CAL-017,EQ-COMP-233,2026-01-15 12:00:00,temperature_c,54.66,°C,2026-S1,réelle,fabriquée,M3-TIMESTAMP
M4-CAL-017,EQ-COMP-233,2026-01-15 18:00:00,temperature_c,61.24,°C,2026-S1,réelle,fabriquée,M3-TIMESTAMP
M4-CAL-017,EQ-COMP-233,2026-01-16 00:00:00,temperature_c,64.19,°C,2026-S1,réelle,fabriquée,M3-TIMESTAMP
M4-CAL-017,EQ-COMP-233,2026-01-16 06:00:00,temperature_c,60.75,°C,2026-S1,réelle,fabriquée,M3-TIMESTAMP
M4-CAL-017,EQ-COMP-233,2026-01-16 12:00:00,temperature_c,57.10,°C,2026-S1,réelle,fabriquée,M3-TIMESTAMP
M4-CAL-017,EQ-COMP-233,2026-01-16 18:00:00,temperature_c,60.13,°C,2026-S1,réelle,fabriquée,M3-TIMESTAMP
M4-CAL-007,EQ-COMP-002,2026-01-17T00:00:00Z,temperature_c,62.18,°C,2026-S1,réelle,réelle,none
M4-CAL-007,EQ-COMP-002,2026-01-17T06:00:00Z,temperature_c,61.58,°C,2026-S1,réelle,réelle,none
M4-CAL-007,EQ-COMP-002,2026-01-17T12:00:00Z,temperature_c,56.33,°C,2026-S1,réelle,réelle,none
M4-CAL-007,EQ-COMP-002,2026-01-17T18:00:00Z,temperature_c,55.81,°C,2026-S1,réelle,réelle,none
M4-CAL-007,EQ-COMP-002,2026-01-18T00:00:00Z,temperature_c,61.59,°C,2026-S1,réelle,réelle,none
M4-CAL-007,EQ-COMP-002,2026-01-18T06:00:00Z,temperature_c,59.85,°C,2026-S1,réelle,réelle,none
M4-CAL-007,EQ-COMP-002,2026-01-18T12:00:00Z,temperature_c,53.42,°C,2026-S1,réelle,réelle,none
M4-CAL-007,EQ-COMP-002,2026-01-18T18:00:00Z,temperature_c,55.28,°C,2026-S1,réelle,réelle,none
M4-CAL-007,EQ-COMP-002,2026-01-19T00:00:00Z,temperature_c,63.69,°C,2026-S1,réelle,réelle,none
M4-CAL-007,EQ-COMP-002,2026-01-19T06:00:00Z,temperature_c,63.58,°C,2026-S1,réelle,réelle,none
M4-CAL-007,EQ-COMP-002,2026-01-19T12:00:00Z,temperature_c,55.17,°C,2026-S1,réelle,réelle,none
M4-CAL-007,EQ-COMP-002,2026-01-19T18:00:00Z,temperature_c,56.74,°C,2026-S1,réelle,réelle,none
M4-CAL-007,EQ-COMP-002,2026-01-20T00:00:00Z,temperature_c,62.43,°C,2026-S1,réelle,réelle,none
M4-CAL-007,EQ-COMP-002,2026-01-20T06:00:00Z,temperature_c,61.81,°C,2026-S1,réelle,réelle,none
M4-CAL-007,EQ-COMP-002,2026-01-20T12:00:00Z,temperature_c,55.32,°C,2026-S1,réelle,réelle,none
M4-CAL-007,EQ-COMP-002,2026-01-20T18:00:00Z,temperature_c,54.99,°C,2026-S1,réelle,réelle,none
M4-CAL-007,EQ-COMP-002,2026-01-21T00:00:00Z,temperature_c,64.08,°C,2026-S1,réelle,réelle,none
M4-CAL-007,EQ-COMP-002,2026-01-21T06:00:00Z,temperature_c,62.70,°C,2026-S1,réelle,réelle,none
M4-CAL-007,EQ-COMP-002,2026-01-21T12:00:00Z,temperature_c,60.44,°C,2026-S1,réelle,réelle,none
M4-CAL-007,EQ-COMP-002,2026-01-21T18:00:00Z,temperature_c,57.42,°C,2026-S1,réelle,réelle,none
M4-CAL-007,EQ-COMP-002,2026-01-22T00:00:00Z,temperature_c,65.61,°C,2026-S1,réelle,réelle,none
M4-CAL-007,EQ-COMP-002,2026-01-22T06:00:00Z,temperature_c,63.50,°C,2026-S1,réelle,réelle,none
M4-CAL-007,EQ-COMP-002,2026-01-22T12:00:00Z,temperature_c,55.10,°C,2026-S1,réelle,réelle,none
M4-CAL-007,EQ-COMP-002,2026-01-22T18:00:00Z,temperature_c,57.21,°C,2026-S1,réelle,réelle,none
M4-CAL-007,EQ-COMP-002,2026-01-23T00:00:00Z,temperature_c,64.13,°C,2026-S1,réelle,réelle,none
M4-CAL-007,EQ-COMP-002,2026-01-23T06:00:00Z,temperature_c,63.64,°C,2026-S1,réelle,réelle,none
M4-CAL-007,EQ-COMP-002,2026-01-23T12:00:00Z,temperature_c,56.10,°C,2026-S1,réelle,réelle,none
M4-CAL-007,EQ-COMP-002,2026-01-23T18:00:00Z,temperature_c,55.57,°C,2026-S1,réelle,réelle,none
M4-CAL-007,EQ-COMP-002,2026-01-24T00:00:00Z,temperature_c,61.25,°C,2026-S1,réelle,réelle,none
M4-CAL-007,EQ-COMP-002,2026-01-24T06:00:00Z,temperature_c,59.91,°C,2026-S1,réelle,réelle,none
M4-CAL-001,EQ-STEAM-341,2026-01-24T12:00:00Z,temperature_c,56.96,°C,2026-S1,réelle,réelle,none
M4-CAL-001,EQ-STEAM-341,2026-01-24T18:00:00Z,temperature_c,49.33,°C,2026-S1,réelle,réelle,none
M4-CAL-001,EQ-STEAM-341,2026-01-25T00:00:00Z,temperature_c,50.63,°C,2026-S1,réelle,réelle,none
M4-CAL-001,EQ-STEAM-341,2026-01-25T06:00:00Z,temperature_c,58.01,°C,2026-S1,réelle,réelle,none
M4-CAL-001,EQ-STEAM-341,2026-01-25T12:00:00Z,temperature_c,55.03,°C,2026-S1,réelle,réelle,none
M4-CAL-001,EQ-STEAM-341,2026-01-25T18:00:00Z,temperature_c,50.71,°C,2026-S1,réelle,réelle,none
M4-CAL-001,EQ-STEAM-341,2026-01-26T00:00:00Z,temperature_c,55.33,°C,2026-S1,réelle,réelle,none
M4-CAL-001,EQ-STEAM-341,2026-01-26T06:00:00Z,temperature_c,57.97,°C,2026-S1,réelle,réelle,none
M4-CAL-001,EQ-STEAM-341,2026-01-26T12:00:00Z,temperature_c,56.29,°C,2026-S1,réelle,réelle,none
M4-CAL-001,EQ-STEAM-341,2026-01-26T18:00:00Z,temperature_c,51.33,°C,2026-S1,réelle,réelle,none
M4-CAL-001,EQ-STEAM-341,2026-01-27T00:00:00Z,temperature_c,53.77,°C,2026-S1,réelle,réelle,none
M4-CAL-001,EQ-STEAM-341,2026-01-27T06:00:00Z,temperature_c,61.11,°C,2026-S1,réelle,réelle,none
M4-CAL-001,EQ-STEAM-341,2026-01-27T12:00:00Z,temperature_c,57.70,°C,2026-S1,réelle,réelle,none
M4-CAL-001,EQ-STEAM-341,2026-01-27T18:00:00Z,temperature_c,53.73,°C,2026-S1,réelle,réelle,none
M4-CAL-001,EQ-STEAM-341,2026-01-28T00:00:00Z,temperature_c,52.46,°C,2026-S1,réelle,réelle,none
M4-CAL-001,EQ-STEAM-341,2026-01-28T06:00:00Z,temperature_c,59.56,°C,2026-S1,réelle,réelle,none
M4-CAL-001,EQ-STEAM-341,2026-01-28T12:00:00Z,temperature_c,58.04,°C,2026-S1,réelle,réelle,none
M4-CAL-001,EQ-STEAM-341,2026-01-28T18:00:00Z,temperature_c,51.75,°C,2026-S1,réelle,réelle,none
M4-CAL-001,EQ-STEAM-341,2026-01-29T00:00:00Z,temperature_c,53.89,°C,2026-S1,réelle,réelle,none
M4-CAL-001,EQ-STEAM-341,2026-01-29T06:00:00Z,temperature_c,58.12,°C,2026-S1,réelle,réelle,none
M4-CAL-001,EQ-STEAM-341,2026-01-29T12:00:00Z,temperature_c,58.80,°C,2026-S1,réelle,réelle,none
M4-CAL-001,EQ-STEAM-341,2026-01-29T18:00:00Z,temperature_c,50.94,°C,2026-S1,réelle,réelle,none
M4-CAL-001,EQ-STEAM-341,2026-01-30T00:00:00Z,temperature_c,56.86,°C,2026-S1,réelle,réelle,none
M4-CAL-001,EQ-STEAM-341,2026-01-30T06:00:00Z,temperature_c,58.59,°C,2026-S1,réelle,réelle,none
M4-CAL-001,EQ-STEAM-341,2026-01-30T12:00:00Z,temperature_c,56.15,°C,2026-S1,réelle,réelle,none
M4-CAL-001,EQ-STEAM-341,2026-01-30T18:00:00Z,temperature_c,53.95,°C,2026-S1,réelle,réelle,none
M4-CAL-001,EQ-STEAM-341,2026-01-31T00:00:00Z,temperature_c,51.18,°C,2026-S1,réelle,réelle,none
M4-CAL-001,EQ-STEAM-341,2026-01-31T06:00:00Z,temperature_c,59.08,°C,2026-S1,réelle,réelle,none
M4-CAL-001,EQ-STEAM-341,2026-01-31T12:00:00Z,temperature_c,54.75,°C,2026-S1,réelle,réelle,none
M4-CAL-001,EQ-STEAM-341,2026-01-31T18:00:00Z,temperature_c,49.13,°C,2026-S1,réelle,réelle,none
M4-CAL-015,EQ-COMP-113,2026-02-01T00:00:00Z,pressure_bar,5.94,bar,2026-S1,réelle,réelle,none
M4-CAL-015,EQ-COMP-113,2026-02-01T06:00:00Z,pressure_bar,5.48,bar,2026-S1,réelle,réelle,none
M4-CAL-015,EQ-COMP-113,2026-02-01T12:00:00Z,pressure_bar,5.56,bar,2026-S1,réelle,réelle,none
M4-CAL-015,EQ-COMP-113,2026-02-01T18:00:00Z,pressure_bar,6.20,bar,2026-S1,réelle,réelle,none
M4-CAL-015,EQ-COMP-113,2026-02-02T00:00:00Z,pressure_bar,6.05,bar,2026-S1,réelle,réelle,none
M4-CAL-015,EQ-COMP-113,2026-02-02T06:00:00Z,pressure_bar,5.60,bar,2026-S1,réelle,réelle,none
M4-CAL-015,EQ-COMP-113,2026-02-02T12:00:00Z,pressure_bar,5.90,bar,2026-S1,réelle,réelle,none
M4-CAL-015,EQ-COMP-113,2026-02-02T18:00:00Z,pressure_bar,6.35,bar,2026-S1,réelle,réelle,none
M4-CAL-015,EQ-COMP-113,2026-02-03T00:00:00Z,pressure_bar,5.72,bar,2026-S1,réelle,réelle,none
M4-CAL-015,EQ-COMP-113,2026-02-03T06:00:00Z,pressure_bar,5.32,bar,2026-S1,réelle,réelle,none
M4-CAL-015,EQ-COMP-113,2026-02-03T12:00:00Z,pressure_bar,5.33,bar,2026-S1,réelle,réelle,none
M4-CAL-015,EQ-COMP-113,2026-02-03T18:00:00Z,pressure_bar,6.16,bar,2026-S1,réelle,réelle,none
M4-CAL-015,EQ-COMP-113,2026-02-04T00:00:00Z,pressure_bar,5.87,bar,2026-S1,réelle,réelle,none
M4-CAL-015,EQ-COMP-113,2026-02-04T06:00:00Z,pressure_bar,5.71,bar,2026-S1,réelle,réelle,none
M4-CAL-015,EQ-COMP-113,2026-02-04T12:00:00Z,pressure_bar,5.66,bar,2026-S1,réelle,réelle,none
M4-CAL-015,EQ-COMP-113,2026-02-04T18:00:00Z,pressure_bar,5.78,bar,2026-S1,réelle,réelle,none
M4-CAL-015,EQ-COMP-113,2026-02-05T00:00:00Z,pressure_bar,5.83,bar,2026-S1,réelle,réelle,none
M4-CAL-015,EQ-COMP-113,2026-02-05T06:00:00Z,pressure_bar,5.60,bar,2026-S1,réelle,réelle,none
M4-CAL-015,EQ-COMP-113,2026-02-05T12:00:00Z,pressure_bar,5.63,bar,2026-S1,réelle,réelle,none
M4-CAL-015,EQ-COMP-113,2026-02-05T18:00:00Z,pressure_bar,6.29,bar,2026-S1,réelle,réelle,none
M4-CAL-015,EQ-COMP-113,2026-02-06T00:00:00Z,pressure_bar,6.09,bar,2026-S1,réelle,réelle,none
M4-CAL-015,EQ-COMP-113,2026-02-06T06:00:00Z,pressure_bar,5.79,bar,2026-S1,réelle,réelle,none
M4-CAL-015,EQ-COMP-113,2026-02-06T12:00:00Z,pressure_bar,5.88,bar,2026-S1,réelle,réelle,none
M4-CAL-015,EQ-COMP-113,2026-02-06T18:00:00Z,pressure_bar,6.27,bar,2026-S1,réelle,réelle,none
M4-CAL-015,EQ-COMP-113,2026-02-07T00:00:00Z,pressure_bar,5.83,bar,2026-S1,réelle,réelle,none
M4-CAL-015,EQ-COMP-113,2026-02-07T06:00:00Z,pressure_bar,5.56,bar,2026-S1,réelle,réelle,none
M4-CAL-015,EQ-COMP-113,2026-02-07T12:00:00Z,pressure_bar,5.69,bar,2026-S1,réelle,réelle,none
M4-CAL-015,EQ-COMP-113,2026-02-07T18:00:00Z,pressure_bar,6.26,bar,2026-S1,réelle,réelle,none
M4-CAL-015,EQ-COMP-113,2026-02-08T00:00:00Z,pressure_bar,5.69,bar,2026-S1,réelle,réelle,none
M4-CAL-015,EQ-COMP-113,2026-02-08T06:00:00Z,pressure_bar,5.72,bar,2026-S1,réelle,réelle,none
M4-CAL-018,EQ-PUMP-001,2026-02-08T08:00:00Z,vibration_mm_s,3.09,mm/s,2026-S1,réelle,fabriquée,M3-GRID
M4-CAL-019,EQ-COMP-396,2026-02-08T12:00:00Z,pressure_bar,6.47,bar,2026-S1,réelle,réelle,none
M4-CAL-013,EQ-PUMP-171,2026-02-08T12:00:00Z,temperature_c,56.42,°C,2026-S1,réelle,réelle,none
M4-CAL-028,EQ-STEAM-352,2026-02-08T12:00:00Z,pressure_bar,6.70,bar,2026-S1,fabriquée,réelle,none
M4-CAL-018,EQ-PUMP-001,2026-02-08T14:00:00Z,vibration_mm_s,2.77,mm/s,2026-S1,réelle,fabriquée,M3-GRID
M4-CAL-019,EQ-COMP-396,2026-02-08T18:00:00Z,pressure_bar,5.82,bar,2026-S1,réelle,réelle,none
M4-CAL-013,EQ-PUMP-171,2026-02-08T18:00:00Z,temperature_c,56.35,°C,2026-S1,réelle,réelle,none
M4-CAL-028,EQ-STEAM-352,2026-02-08T18:00:00Z,pressure_bar,6.39,bar,2026-S1,fabriquée,réelle,none
M4-CAL-018,EQ-PUMP-001,2026-02-08T20:00:00Z,vibration_mm_s,2.45,mm/s,2026-S1,réelle,fabriquée,M3-GRID
M4-CAL-019,EQ-COMP-396,2026-02-09T00:00:00Z,pressure_bar,5.93,bar,2026-S1,réelle,réelle,none
M4-CAL-013,EQ-PUMP-171,2026-02-09T00:00:00Z,temperature_c,65.69,°C,2026-S1,réelle,réelle,none
M4-CAL-028,EQ-STEAM-352,2026-02-09T00:00:00Z,pressure_bar,6.24,bar,2026-S1,fabriquée,réelle,none
M4-CAL-018,EQ-PUMP-001,2026-02-09T02:00:00Z,vibration_mm_s,2.94,mm/s,2026-S1,réelle,fabriquée,M3-GRID
M4-CAL-019,EQ-COMP-396,2026-02-09T06:00:00Z,pressure_bar,6.04,bar,2026-S1,réelle,réelle,none
M4-CAL-013,EQ-PUMP-171,2026-02-09T06:00:00Z,temperature_c,61.36,°C,2026-S1,réelle,réelle,none
M4-CAL-028,EQ-STEAM-352,2026-02-09T06:00:00Z,pressure_bar,6.15,bar,2026-S1,fabriquée,réelle,none
M4-CAL-018,EQ-PUMP-001,2026-02-09T08:00:00Z,vibration_mm_s,3.46,mm/s,2026-S1,réelle,fabriquée,M3-GRID
M4-CAL-019,EQ-COMP-396,2026-02-09T12:00:00Z,pressure_bar,-999,bar,2026-S1,réelle,fabriquée,M3-SENTINEL;M3-RANGE
M4-CAL-013,EQ-PUMP-171,2026-02-09T12:00:00Z,temperature_c,56.80,°C,2026-S1,réelle,réelle,none
M4-CAL-028,EQ-STEAM-352,2026-02-09T12:00:00Z,pressure_bar,6.34,bar,2026-S1,fabriquée,réelle,none
M4-CAL-018,EQ-PUMP-001,2026-02-09T14:00:00Z,vibration_mm_s,2.66,mm/s,2026-S1,réelle,fabriquée,M3-GRID
M4-CAL-019,EQ-COMP-396,2026-02-09T18:00:00Z,pressure_bar,6.02,bar,2026-S1,réelle,réelle,none
M4-CAL-013,EQ-PUMP-171,2026-02-09T18:00:00Z,temperature_c,58.76,°C,2026-S1,réelle,réelle,none
M4-CAL-028,EQ-STEAM-352,2026-02-09T18:00:00Z,pressure_bar,6.34,bar,2026-S1,fabriquée,réelle,none
M4-CAL-018,EQ-PUMP-001,2026-02-09T20:00:00Z,vibration_mm_s,2.69,mm/s,2026-S1,réelle,fabriquée,M3-GRID
M4-CAL-019,EQ-COMP-396,2026-02-10T00:00:00Z,pressure_bar,5.97,bar,2026-S1,réelle,réelle,none
M4-CAL-013,EQ-PUMP-171,2026-02-10T00:00:00Z,temperature_c,62.23,°C,2026-S1,réelle,réelle,none
M4-CAL-028,EQ-STEAM-352,2026-02-10T00:00:00Z,pressure_bar,5.68,bar,2026-S1,fabriquée,réelle,none
M4-CAL-018,EQ-PUMP-001,2026-02-10T02:00:00Z,vibration_mm_s,3.08,mm/s,2026-S1,réelle,fabriquée,M3-GRID
M4-CAL-019,EQ-COMP-396,2026-02-10T06:00:00Z,pressure_bar,6.09,bar,2026-S1,réelle,réelle,none
M4-CAL-013,EQ-PUMP-171,2026-02-10T06:00:00Z,temperature_c,62.88,°C,2026-S1,réelle,réelle,none
M4-CAL-028,EQ-STEAM-352,2026-02-10T06:00:00Z,pressure_bar,6.12,bar,2026-S1,fabriquée,réelle,none
M4-CAL-018,EQ-PUMP-001,2026-02-10T08:00:00Z,vibration_mm_s,3.49,mm/s,2026-S1,réelle,fabriquée,M3-GRID
M4-CAL-019,EQ-COMP-396,2026-02-10T12:00:00Z,pressure_bar,6.61,bar,2026-S1,réelle,réelle,none
M4-CAL-013,EQ-PUMP-171,2026-02-10T12:00:00Z,temperature_c,59.62,°C,2026-S1,réelle,réelle,none
M4-CAL-028,EQ-STEAM-352,2026-02-10T12:00:00Z,pressure_bar,6.30,bar,2026-S1,fabriquée,réelle,none
M4-CAL-018,EQ-PUMP-001,2026-02-10T14:00:00Z,vibration_mm_s,3.37,mm/s,2026-S1,réelle,fabriquée,M3-GRID
M4-CAL-019,EQ-COMP-396,2026-02-10T18:00:00Z,pressure_bar,6.33,bar,2026-S1,réelle,réelle,none
M4-CAL-013,EQ-PUMP-171,2026-02-10T18:00:00Z,temperature_c,56.29,°C,2026-S1,réelle,réelle,none
M4-CAL-028,EQ-STEAM-352,2026-02-10T18:00:00Z,pressure_bar,6.10,bar,2026-S1,fabriquée,réelle,none
M4-CAL-018,EQ-PUMP-001,2026-02-10T20:00:00Z,vibration_mm_s,2.31,mm/s,2026-S1,réelle,fabriquée,M3-GRID
M4-CAL-019,EQ-COMP-396,2026-02-11T00:00:00Z,pressure_bar,5.99,bar,2026-S1,réelle,réelle,none
M4-CAL-013,EQ-PUMP-171,2026-02-11T00:00:00Z,temperature_c,65.65,°C,2026-S1,réelle,réelle,none
M4-CAL-028,EQ-STEAM-352,2026-02-11T00:00:00Z,pressure_bar,5.91,bar,2026-S1,fabriquée,réelle,none
M4-CAL-018,EQ-PUMP-001,2026-02-11T02:00:00Z,vibration_mm_s,3.37,mm/s,2026-S1,réelle,fabriquée,M3-GRID
M4-CAL-019,EQ-COMP-396,2026-02-11T06:00:00Z,pressure_bar,6.30,bar,2026-S1,réelle,réelle,none
M4-CAL-013,EQ-PUMP-171,2026-02-11T06:00:00Z,temperature_c,62.85,°C,2026-S1,réelle,réelle,none
M4-CAL-028,EQ-STEAM-352,2026-02-11T06:00:00Z,pressure_bar,5.79,bar,2026-S1,fabriquée,réelle,none
M4-CAL-018,EQ-PUMP-001,2026-02-11T08:00:00Z,vibration_mm_s,3.33,mm/s,2026-S1,réelle,fabriquée,M3-GRID
M4-CAL-019,EQ-COMP-396,2026-02-11T12:00:00Z,pressure_bar,6.19,bar,2026-S1,réelle,réelle,none
M4-CAL-013,EQ-PUMP-171,2026-02-11T12:00:00Z,temperature_c,56.40,°C,2026-S1,réelle,réelle,none
M4-CAL-028,EQ-STEAM-352,2026-02-11T12:00:00Z,pressure_bar,6.94,bar,2026-S1,fabriquée,réelle,none
M4-CAL-018,EQ-PUMP-001,2026-02-11T14:00:00Z,vibration_mm_s,2.53,mm/s,2026-S1,réelle,fabriquée,M3-GRID
M4-CAL-019,EQ-COMP-396,2026-02-11T18:00:00Z,pressure_bar,6.36,bar,2026-S1,réelle,réelle,none
M4-CAL-013,EQ-PUMP-171,2026-02-11T18:00:00Z,temperature_c,58.48,°C,2026-S1,réelle,réelle,none
M4-CAL-028,EQ-STEAM-352,2026-02-11T18:00:00Z,pressure_bar,6.40,bar,2026-S1,fabriquée,réelle,none
M4-CAL-018,EQ-PUMP-001,2026-02-11T20:00:00Z,vibration_mm_s,2.63,mm/s,2026-S1,réelle,fabriquée,M3-GRID
M4-CAL-019,EQ-COMP-396,2026-02-12T00:00:00Z,pressure_bar,5.62,bar,2026-S1,réelle,réelle,none
M4-CAL-013,EQ-PUMP-171,2026-02-12T00:00:00Z,temperature_c,64.88,°C,2026-S1,réelle,réelle,none
M4-CAL-028,EQ-STEAM-352,2026-02-12T00:00:00Z,pressure_bar,6.29,bar,2026-S1,fabriquée,réelle,none
M4-CAL-018,EQ-PUMP-001,2026-02-12T02:00:00Z,vibration_mm_s,2.73,mm/s,2026-S1,réelle,fabriquée,M3-GRID
M4-CAL-019,EQ-COMP-396,2026-02-12T06:00:00Z,pressure_bar,5.96,bar,2026-S1,réelle,réelle,none
M4-CAL-013,EQ-PUMP-171,2026-02-12T06:00:00Z,temperature_c,63.67,°C,2026-S1,réelle,réelle,none
M4-CAL-028,EQ-STEAM-352,2026-02-12T06:00:00Z,pressure_bar,6.28,bar,2026-S1,fabriquée,réelle,none
M4-CAL-018,EQ-PUMP-001,2026-02-12T08:00:00Z,vibration_mm_s,3.35,mm/s,2026-S1,réelle,fabriquée,M3-GRID
M4-CAL-019,EQ-COMP-396,2026-02-12T12:00:00Z,pressure_bar,6.39,bar,2026-S1,réelle,réelle,none
M4-CAL-013,EQ-PUMP-171,2026-02-12T12:00:00Z,temperature_c,62.18,°C,2026-S1,réelle,réelle,none
M4-CAL-028,EQ-STEAM-352,2026-02-12T12:00:00Z,pressure_bar,6.61,bar,2026-S1,fabriquée,réelle,none
M4-CAL-018,EQ-PUMP-001,2026-02-12T14:00:00Z,vibration_mm_s,2.95,mm/s,2026-S1,réelle,fabriquée,M3-GRID
M4-CAL-019,EQ-COMP-396,2026-02-12T18:00:00Z,pressure_bar,6.11,bar,2026-S1,réelle,réelle,none
M4-CAL-013,EQ-PUMP-171,2026-02-12T18:00:00Z,temperature_c,57.88,°C,2026-S1,réelle,réelle,none
M4-CAL-028,EQ-STEAM-352,2026-02-12T18:00:00Z,pressure_bar,6.43,bar,2026-S1,fabriquée,réelle,none
M4-CAL-018,EQ-PUMP-001,2026-02-12T20:00:00Z,vibration_mm_s,2.55,mm/s,2026-S1,réelle,fabriquée,M3-GRID
M4-CAL-019,EQ-COMP-396,2026-02-13T00:00:00Z,pressure_bar,5.69,bar,2026-S1,réelle,réelle,none
M4-CAL-013,EQ-PUMP-171,2026-02-13T00:00:00Z,temperature_c,64.31,°C,2026-S1,réelle,réelle,none
M4-CAL-028,EQ-STEAM-352,2026-02-13T00:00:00Z,pressure_bar,6.30,bar,2026-S1,fabriquée,réelle,none
M4-CAL-018,EQ-PUMP-001,2026-02-13T02:00:00Z,vibration_mm_s,3.39,mm/s,2026-S1,réelle,fabriquée,M3-GRID
M4-CAL-019,EQ-COMP-396,2026-02-13T06:00:00Z,pressure_bar,6.04,bar,2026-S1,réelle,réelle,none
M4-CAL-013,EQ-PUMP-171,2026-02-13T06:00:00Z,temperature_c,66.28,°C,2026-S1,réelle,réelle,none
M4-CAL-028,EQ-STEAM-352,2026-02-13T06:00:00Z,pressure_bar,6.01,bar,2026-S1,fabriquée,réelle,none
M4-CAL-018,EQ-PUMP-001,2026-02-13T08:00:00Z,vibration_mm_s,3.20,mm/s,2026-S1,réelle,fabriquée,M3-GRID
M4-CAL-019,EQ-COMP-396,2026-02-13T12:00:00Z,pressure_bar,6.43,bar,2026-S1,réelle,réelle,none
M4-CAL-013,EQ-PUMP-171,2026-02-13T12:00:00Z,temperature_c,57.69,°C,2026-S1,réelle,réelle,none
M4-CAL-028,EQ-STEAM-352,2026-02-13T12:00:00Z,pressure_bar,6.77,bar,2026-S1,fabriquée,réelle,none
M4-CAL-018,EQ-PUMP-001,2026-02-13T14:00:00Z,vibration_mm_s,2.75,mm/s,2026-S1,réelle,fabriquée,M3-GRID
M4-CAL-019,EQ-COMP-396,2026-02-13T18:00:00Z,pressure_bar,6.29,bar,2026-S1,réelle,réelle,none
M4-CAL-013,EQ-PUMP-171,2026-02-13T18:00:00Z,temperature_c,57.63,°C,2026-S1,réelle,réelle,none
M4-CAL-028,EQ-STEAM-352,2026-02-13T18:00:00Z,pressure_bar,6.65,bar,2026-S1,fabriquée,réelle,none
M4-CAL-018,EQ-PUMP-001,2026-02-13T20:00:00Z,vibration_mm_s,2.84,mm/s,2026-S1,réelle,fabriquée,M3-GRID
M4-CAL-019,EQ-COMP-396,2026-02-14T00:00:00Z,pressure_bar,6.06,bar,2026-S1,réelle,réelle,none
M4-CAL-013,EQ-PUMP-171,2026-02-14T00:00:00Z,temperature_c,62.99,°C,2026-S1,réelle,réelle,none
M4-CAL-028,EQ-STEAM-352,2026-02-14T00:00:00Z,pressure_bar,6.07,bar,2026-S1,fabriquée,réelle,none
M4-CAL-018,EQ-PUMP-001,2026-02-14T02:00:00Z,vibration_mm_s,2.91,mm/s,2026-S1,réelle,fabriquée,M3-GRID
M4-CAL-019,EQ-COMP-396,2026-02-14T06:00:00Z,pressure_bar,5.99,bar,2026-S1,réelle,réelle,none
M4-CAL-013,EQ-PUMP-171,2026-02-14T06:00:00Z,temperature_c,59.84,°C,2026-S1,réelle,réelle,none
M4-CAL-028,EQ-STEAM-352,2026-02-14T06:00:00Z,pressure_bar,6.30,bar,2026-S1,fabriquée,réelle,none
M4-CAL-018,EQ-PUMP-001,2026-02-14T08:00:00Z,vibration_mm_s,3.19,mm/s,2026-S1,réelle,fabriquée,M3-GRID
M4-CAL-019,EQ-COMP-396,2026-02-14T12:00:00Z,pressure_bar,6.12,bar,2026-S1,réelle,réelle,none
M4-CAL-013,EQ-PUMP-171,2026-02-14T12:00:00Z,temperature_c,55.23,°C,2026-S1,réelle,réelle,none
M4-CAL-028,EQ-STEAM-352,2026-02-14T12:00:00Z,pressure_bar,6.61,bar,2026-S1,fabriquée,réelle,none
M4-CAL-018,EQ-PUMP-001,2026-02-14T14:00:00Z,vibration_mm_s,2.93,mm/s,2026-S1,réelle,fabriquée,M3-GRID
M4-CAL-019,EQ-COMP-396,2026-02-14T18:00:00Z,pressure_bar,5.97,bar,2026-S1,réelle,réelle,none
M4-CAL-013,EQ-PUMP-171,2026-02-14T18:00:00Z,temperature_c,57.81,°C,2026-S1,réelle,réelle,none
M4-CAL-028,EQ-STEAM-352,2026-02-14T18:00:00Z,pressure_bar,6.77,bar,2026-S1,fabriquée,réelle,none
M4-CAL-018,EQ-PUMP-001,2026-02-14T20:00:00Z,vibration_mm_s,2.35,mm/s,2026-S1,réelle,fabriquée,M3-GRID
M4-CAL-019,EQ-COMP-396,2026-02-15T00:00:00Z,pressure_bar,5.82,bar,2026-S1,réelle,réelle,none
M4-CAL-013,EQ-PUMP-171,2026-02-15T00:00:00Z,temperature_c,64.54,°C,2026-S1,réelle,réelle,none
M4-CAL-028,EQ-STEAM-352,2026-02-15T00:00:00Z,pressure_bar,6.27,bar,2026-S1,fabriquée,réelle,none
M4-CAL-018,EQ-PUMP-001,2026-02-15T02:00:00Z,vibration_mm_s,3.05,mm/s,2026-S1,réelle,fabriquée,M3-GRID
M4-CAL-019,EQ-COMP-396,2026-02-15T06:00:00Z,pressure_bar,6.12,bar,2026-S1,réelle,réelle,none
M4-CAL-013,EQ-PUMP-171,2026-02-15T06:00:00Z,temperature_c,61.45,°C,2026-S1,réelle,réelle,none
M4-CAL-028,EQ-STEAM-352,2026-02-15T06:00:00Z,pressure_bar,6.46,bar,2026-S1,fabriquée,réelle,none
M4-CAL-018,EQ-PUMP-001,2026-02-15T08:00:00Z,vibration_mm_s,3.35,mm/s,2026-S1,réelle,fabriquée,M3-GRID
M4-CAL-019,EQ-COMP-396,2026-02-15T12:00:00Z,pressure_bar,6.52,bar,2026-S1,réelle,réelle,none
M4-CAL-013,EQ-PUMP-171,2026-02-15T12:00:00Z,temperature_c,55.21,°C,2026-S1,réelle,réelle,none
M4-CAL-028,EQ-STEAM-352,2026-02-15T12:00:00Z,pressure_bar,6.67,bar,2026-S1,fabriquée,réelle,none
M4-CAL-018,EQ-PUMP-001,2026-02-15T14:00:00Z,vibration_mm_s,2.78,mm/s,2026-S1,réelle,fabriquée,M3-GRID
M4-CAL-019,EQ-COMP-396,2026-02-15T18:00:00Z,pressure_bar,6.27,bar,2026-S1,réelle,réelle,none
M4-CAL-013,EQ-PUMP-171,2026-02-15T18:00:00Z,temperature_c,58.07,°C,2026-S1,réelle,réelle,none
M4-CAL-028,EQ-STEAM-352,2026-02-15T18:00:00Z,pressure_bar,6.71,bar,2026-S1,fabriquée,réelle,none
M4-CAL-025,EQ-FAN-284,2026-02-16T00:00:00Z,vibration_mm_s,2.23,mm/s,2026-S1,fabriquée,réelle,none
M4-CAL-020,EQ-OVEN-223,2026-02-16T00:00:00Z,current_a,190.97,A,2026-S1,fabriquée,fabriquée,M3-RANGE
M4-CAL-025,EQ-FAN-284,2026-02-16T06:00:00Z,vibration_mm_s,3.23,mm/s,2026-S1,fabriquée,réelle,none
M4-CAL-020,EQ-OVEN-223,2026-02-16T06:00:00Z,current_a,254.73,A,2026-S1,fabriquée,fabriquée,M3-RANGE
M4-CAL-025,EQ-FAN-284,2026-02-16T12:00:00Z,vibration_mm_s,2.26,mm/s,2026-S1,fabriquée,réelle,none
M4-CAL-020,EQ-OVEN-223,2026-02-16T12:00:00Z,current_a,181.16,A,2026-S1,fabriquée,fabriquée,M3-RANGE
M4-CAL-025,EQ-FAN-284,2026-02-16T18:00:00Z,vibration_mm_s,2.49,mm/s,2026-S1,fabriquée,réelle,none
M4-CAL-020,EQ-OVEN-223,2026-02-16T18:00:00Z,current_a,215.04,A,2026-S1,fabriquée,fabriquée,M3-RANGE
M4-CAL-025,EQ-FAN-284,2026-02-17T00:00:00Z,vibration_mm_s,2.58,mm/s,2026-S1,fabriquée,réelle,none
M4-CAL-020,EQ-OVEN-223,2026-02-17T00:00:00Z,current_a,198.19,A,2026-S1,fabriquée,fabriquée,M3-RANGE
M4-CAL-025,EQ-FAN-284,2026-02-17T06:00:00Z,vibration_mm_s,2.69,mm/s,2026-S1,fabriquée,réelle,none
M4-CAL-020,EQ-OVEN-223,2026-02-17T06:00:00Z,current_a,180.56,A,2026-S1,fabriquée,fabriquée,M3-RANGE
M4-CAL-025,EQ-FAN-284,2026-02-17T12:00:00Z,vibration_mm_s,2.27,mm/s,2026-S1,fabriquée,réelle,none
M4-CAL-020,EQ-OVEN-223,2026-02-17T12:00:00Z,current_a,174.15,A,2026-S1,fabriquée,fabriquée,M3-RANGE
M4-CAL-025,EQ-FAN-284,2026-02-17T18:00:00Z,vibration_mm_s,2.20,mm/s,2026-S1,fabriquée,réelle,none
M4-CAL-020,EQ-OVEN-223,2026-02-17T18:00:00Z,current_a,186.58,A,2026-S1,fabriquée,fabriquée,M3-RANGE
M4-CAL-025,EQ-FAN-284,2026-02-18T00:00:00Z,vibration_mm_s,2.94,mm/s,2026-S1,fabriquée,réelle,none
M4-CAL-020,EQ-OVEN-223,2026-02-18T00:00:00Z,current_a,213.34,A,2026-S1,fabriquée,fabriquée,M3-RANGE
M4-CAL-025,EQ-FAN-284,2026-02-18T06:00:00Z,vibration_mm_s,2.49,mm/s,2026-S1,fabriquée,réelle,none
M4-CAL-020,EQ-OVEN-223,2026-02-18T06:00:00Z,current_a,236.57,A,2026-S1,fabriquée,fabriquée,M3-RANGE
M4-CAL-025,EQ-FAN-284,2026-02-18T12:00:00Z,vibration_mm_s,3.06,mm/s,2026-S1,fabriquée,réelle,none
M4-CAL-020,EQ-OVEN-223,2026-02-18T12:00:00Z,current_a,194.58,A,2026-S1,fabriquée,fabriquée,M3-RANGE
M4-CAL-025,EQ-FAN-284,2026-02-18T18:00:00Z,vibration_mm_s,2.51,mm/s,2026-S1,fabriquée,réelle,none
M4-CAL-020,EQ-OVEN-223,2026-02-18T18:00:00Z,current_a,197.08,A,2026-S1,fabriquée,fabriquée,M3-RANGE
M4-CAL-025,EQ-FAN-284,2026-02-19T00:00:00Z,vibration_mm_s,2.76,mm/s,2026-S1,fabriquée,réelle,none
M4-CAL-020,EQ-OVEN-223,2026-02-19T00:00:00Z,current_a,202.53,A,2026-S1,fabriquée,fabriquée,M3-RANGE
M4-CAL-025,EQ-FAN-284,2026-02-19T06:00:00Z,vibration_mm_s,2.53,mm/s,2026-S1,fabriquée,réelle,none
M4-CAL-020,EQ-OVEN-223,2026-02-19T06:00:00Z,current_a,223.51,A,2026-S1,fabriquée,fabriquée,M3-RANGE
M4-CAL-025,EQ-FAN-284,2026-02-19T12:00:00Z,vibration_mm_s,2.81,mm/s,2026-S1,fabriquée,réelle,none
M4-CAL-020,EQ-OVEN-223,2026-02-19T12:00:00Z,current_a,191.26,A,2026-S1,fabriquée,fabriquée,M3-RANGE
M4-CAL-025,EQ-FAN-284,2026-02-19T18:00:00Z,vibration_mm_s,2.57,mm/s,2026-S1,fabriquée,réelle,none
M4-CAL-020,EQ-OVEN-223,2026-02-19T18:00:00Z,current_a,243.26,A,2026-S1,fabriquée,fabriquée,M3-RANGE
M4-CAL-025,EQ-FAN-284,2026-02-20T00:00:00Z,vibration_mm_s,2.39,mm/s,2026-S1,fabriquée,réelle,none
M4-CAL-020,EQ-OVEN-223,2026-02-20T00:00:00Z,current_a,212.08,A,2026-S1,fabriquée,fabriquée,M3-RANGE
M4-CAL-025,EQ-FAN-284,2026-02-20T06:00:00Z,vibration_mm_s,2.72,mm/s,2026-S1,fabriquée,réelle,none
M4-CAL-020,EQ-OVEN-223,2026-02-20T06:00:00Z,current_a,203.83,A,2026-S1,fabriquée,fabriquée,M3-RANGE
M4-CAL-025,EQ-FAN-284,2026-02-20T12:00:00Z,vibration_mm_s,2.98,mm/s,2026-S1,fabriquée,réelle,none
M4-CAL-020,EQ-OVEN-223,2026-02-20T12:00:00Z,current_a,256.75,A,2026-S1,fabriquée,fabriquée,M3-RANGE
M4-CAL-025,EQ-FAN-284,2026-02-20T18:00:00Z,vibration_mm_s,2.79,mm/s,2026-S1,fabriquée,réelle,none
M4-CAL-020,EQ-OVEN-223,2026-02-20T18:00:00Z,current_a,243.86,A,2026-S1,fabriquée,fabriquée,M3-RANGE
M4-CAL-025,EQ-FAN-284,2026-02-21T00:00:00Z,vibration_mm_s,2.87,mm/s,2026-S1,fabriquée,réelle,none
M4-CAL-020,EQ-OVEN-223,2026-02-21T00:00:00Z,current_a,194.60,A,2026-S1,fabriquée,fabriquée,M3-RANGE
M4-CAL-025,EQ-FAN-284,2026-02-21T06:00:00Z,vibration_mm_s,3.07,mm/s,2026-S1,fabriquée,réelle,none
M4-CAL-020,EQ-OVEN-223,2026-02-21T06:00:00Z,current_a,233.33,A,2026-S1,fabriquée,fabriquée,M3-RANGE
M4-CAL-025,EQ-FAN-284,2026-02-21T12:00:00Z,vibration_mm_s,3.10,mm/s,2026-S1,fabriquée,réelle,none
M4-CAL-020,EQ-OVEN-223,2026-02-21T12:00:00Z,current_a,270.52,A,2026-S1,fabriquée,fabriquée,M3-RANGE
M4-CAL-025,EQ-FAN-284,2026-02-21T18:00:00Z,vibration_mm_s,3.79,mm/s,2026-S1,fabriquée,réelle,none
M4-CAL-020,EQ-OVEN-223,2026-02-21T18:00:00Z,current_a,206.08,A,2026-S1,fabriquée,fabriquée,M3-RANGE
M4-CAL-025,EQ-FAN-284,2026-02-22T00:00:00Z,vibration_mm_s,2.59,mm/s,2026-S1,fabriquée,réelle,none
M4-CAL-020,EQ-OVEN-223,2026-02-22T00:00:00Z,current_a,256.15,A,2026-S1,fabriquée,fabriquée,M3-RANGE
M4-CAL-025,EQ-FAN-284,2026-02-22T06:00:00Z,vibration_mm_s,2.65,mm/s,2026-S1,fabriquée,réelle,none
M4-CAL-020,EQ-OVEN-223,2026-02-22T06:00:00Z,current_a,262.29,A,2026-S1,fabriquée,fabriquée,M3-RANGE
M4-CAL-025,EQ-FAN-284,2026-02-22T12:00:00Z,vibration_mm_s,2.53,mm/s,2026-S1,fabriquée,réelle,none
M4-CAL-020,EQ-OVEN-223,2026-02-22T12:00:00Z,current_a,243.52,A,2026-S1,fabriquée,fabriquée,M3-RANGE
M4-CAL-025,EQ-FAN-284,2026-02-22T18:00:00Z,vibration_mm_s,2.90,mm/s,2026-S1,fabriquée,réelle,none
M4-CAL-020,EQ-OVEN-223,2026-02-22T18:00:00Z,current_a,170.47,A,2026-S1,fabriquée,fabriquée,M3-RANGE
M4-CAL-025,EQ-FAN-284,2026-02-23T00:00:00Z,vibration_mm_s,2.08,mm/s,2026-S1,fabriquée,réelle,none
M4-CAL-020,EQ-OVEN-223,2026-02-23T00:00:00Z,current_a,263.57,A,2026-S1,fabriquée,fabriquée,M3-RANGE
M4-CAL-025,EQ-FAN-284,2026-02-23T06:00:00Z,vibration_mm_s,2.81,mm/s,2026-S1,fabriquée,réelle,none
M4-CAL-020,EQ-OVEN-223,2026-02-23T06:00:00Z,current_a,228.97,A,2026-S1,fabriquée,fabriquée,M3-RANGE
M4-CAL-008,EQ-OVEN-223,2026-02-23T12:00:00Z,temperature_c,67.23,°C,2026-S1,réelle,réelle,none
M4-CAL-023,EQ-OVEN-386,2026-02-23T12:00:00Z,current_a,21.75,A,2026-S1,fabriquée,réelle,none
M4-CAL-008,EQ-OVEN-223,2026-02-23T18:00:00Z,temperature_c,58.15,°C,2026-S1,réelle,réelle,none
M4-CAL-023,EQ-OVEN-386,2026-02-23T18:00:00Z,current_a,23.11,A,2026-S1,fabriquée,réelle,none
M4-CAL-008,EQ-OVEN-223,2026-02-24T00:00:00Z,temperature_c,56.99,°C,2026-S1,réelle,réelle,none
M4-CAL-023,EQ-OVEN-386,2026-02-24T00:00:00Z,current_a,22.74,A,2026-S1,fabriquée,réelle,none
M4-CAL-008,EQ-OVEN-223,2026-02-24T06:00:00Z,temperature_c,63.27,°C,2026-S1,réelle,réelle,none
M4-CAL-023,EQ-OVEN-386,2026-02-24T06:00:00Z,current_a,20.23,A,2026-S1,fabriquée,réelle,none
M4-CAL-008,EQ-OVEN-223,2026-02-24T12:00:00Z,temperature_c,67.02,°C,2026-S1,réelle,réelle,none
M4-CAL-023,EQ-OVEN-386,2026-02-24T12:00:00Z,current_a,22.57,A,2026-S1,fabriquée,réelle,none
M4-CAL-008,EQ-OVEN-223,2026-02-24T18:00:00Z,temperature_c,58.74,°C,2026-S1,réelle,réelle,none
M4-CAL-023,EQ-OVEN-386,2026-02-24T18:00:00Z,current_a,25.15,A,2026-S1,fabriquée,réelle,none
M4-CAL-008,EQ-OVEN-223,2026-02-25T00:00:00Z,temperature_c,59.98,°C,2026-S1,réelle,réelle,none
M4-CAL-023,EQ-OVEN-386,2026-02-25T00:00:00Z,current_a,20.68,A,2026-S1,fabriquée,réelle,none
M4-CAL-008,EQ-OVEN-223,2026-02-25T06:00:00Z,temperature_c,65.07,°C,2026-S1,réelle,réelle,none
M4-CAL-023,EQ-OVEN-386,2026-02-25T06:00:00Z,current_a,24.55,A,2026-S1,fabriquée,réelle,none
M4-CAL-008,EQ-OVEN-223,2026-02-25T12:00:00Z,temperature_c,64.32,°C,2026-S1,réelle,réelle,none
M4-CAL-023,EQ-OVEN-386,2026-02-25T12:00:00Z,current_a,22.57,A,2026-S1,fabriquée,réelle,none
M4-CAL-008,EQ-OVEN-223,2026-02-25T18:00:00Z,temperature_c,60.01,°C,2026-S1,réelle,réelle,none
M4-CAL-023,EQ-OVEN-386,2026-02-25T18:00:00Z,current_a,23.24,A,2026-S1,fabriquée,réelle,none
M4-CAL-008,EQ-OVEN-223,2026-02-26T00:00:00Z,temperature_c,61.15,°C,2026-S1,réelle,réelle,none
M4-CAL-023,EQ-OVEN-386,2026-02-26T00:00:00Z,current_a,24.64,A,2026-S1,fabriquée,réelle,none
M4-CAL-008,EQ-OVEN-223,2026-02-26T06:00:00Z,temperature_c,65.62,°C,2026-S1,réelle,réelle,none
M4-CAL-023,EQ-OVEN-386,2026-02-26T06:00:00Z,current_a,20.70,A,2026-S1,fabriquée,réelle,none
M4-CAL-008,EQ-OVEN-223,2026-02-26T12:00:00Z,temperature_c,64.96,°C,2026-S1,réelle,réelle,none
M4-CAL-023,EQ-OVEN-386,2026-02-26T12:00:00Z,current_a,21.35,A,2026-S1,fabriquée,réelle,none
M4-CAL-008,EQ-OVEN-223,2026-02-26T18:00:00Z,temperature_c,59.12,°C,2026-S1,réelle,réelle,none
M4-CAL-023,EQ-OVEN-386,2026-02-26T18:00:00Z,current_a,21.91,A,2026-S1,fabriquée,réelle,none
M4-CAL-008,EQ-OVEN-223,2026-02-27T00:00:00Z,temperature_c,56.35,°C,2026-S1,réelle,réelle,none
M4-CAL-023,EQ-OVEN-386,2026-02-27T00:00:00Z,current_a,24.50,A,2026-S1,fabriquée,réelle,none
M4-CAL-008,EQ-OVEN-223,2026-02-27T06:00:00Z,temperature_c,65.08,°C,2026-S1,réelle,réelle,none
M4-CAL-023,EQ-OVEN-386,2026-02-27T06:00:00Z,current_a,21.97,A,2026-S1,fabriquée,réelle,none
M4-CAL-008,EQ-OVEN-223,2026-02-27T12:00:00Z,temperature_c,66.03,°C,2026-S1,réelle,réelle,none
M4-CAL-023,EQ-OVEN-386,2026-02-27T12:00:00Z,current_a,20.95,A,2026-S1,fabriquée,réelle,none
M4-CAL-008,EQ-OVEN-223,2026-02-27T18:00:00Z,temperature_c,59.86,°C,2026-S1,réelle,réelle,none
M4-CAL-023,EQ-OVEN-386,2026-02-27T18:00:00Z,current_a,24.18,A,2026-S1,fabriquée,réelle,none
M4-CAL-008,EQ-OVEN-223,2026-02-28T00:00:00Z,temperature_c,57.29,°C,2026-S1,réelle,réelle,none
M4-CAL-023,EQ-OVEN-386,2026-02-28T00:00:00Z,current_a,20.46,A,2026-S1,fabriquée,réelle,none
M4-CAL-008,EQ-OVEN-223,2026-02-28T06:00:00Z,temperature_c,61.54,°C,2026-S1,réelle,réelle,none
M4-CAL-023,EQ-OVEN-386,2026-02-28T06:00:00Z,current_a,26.37,A,2026-S1,fabriquée,réelle,none
M4-CAL-008,EQ-OVEN-223,2026-02-28T12:00:00Z,temperature_c,62.60,°C,2026-S1,réelle,réelle,none
M4-CAL-023,EQ-OVEN-386,2026-02-28T12:00:00Z,current_a,19.27,A,2026-S1,fabriquée,réelle,none
M4-CAL-008,EQ-OVEN-223,2026-02-28T18:00:00Z,temperature_c,58.36,°C,2026-S1,réelle,réelle,none
M4-CAL-023,EQ-OVEN-386,2026-02-28T18:00:00Z,current_a,21.56,A,2026-S1,fabriquée,réelle,none
M4-CAL-008,EQ-OVEN-223,2026-03-01T00:00:00Z,temperature_c,56.22,°C,2026-S1,réelle,réelle,none
M4-CAL-023,EQ-OVEN-386,2026-03-01T00:00:00Z,current_a,23.94,A,2026-S1,fabriquée,réelle,none
M4-CAL-008,EQ-OVEN-223,2026-03-01T06:00:00Z,temperature_c,63.51,°C,2026-S1,réelle,réelle,none
M4-CAL-023,EQ-OVEN-386,2026-03-01T06:00:00Z,current_a,21.75,A,2026-S1,fabriquée,réelle,none
M4-CAL-008,EQ-OVEN-223,2026-03-01T12:00:00Z,temperature_c,62.83,°C,2026-S1,réelle,réelle,none
M4-CAL-023,EQ-OVEN-386,2026-03-01T12:00:00Z,current_a,25.12,A,2026-S1,fabriquée,réelle,none
M4-CAL-008,EQ-OVEN-223,2026-03-01T18:00:00Z,temperature_c,54.26,°C,2026-S1,réelle,réelle,none
M4-CAL-023,EQ-OVEN-386,2026-03-01T18:00:00Z,current_a,21.94,A,2026-S1,fabriquée,réelle,none
M4-CAL-008,EQ-OVEN-223,2026-03-02T00:00:00Z,temperature_c,58.64,°C,2026-S1,réelle,réelle,none
M4-CAL-023,EQ-OVEN-386,2026-03-02T00:00:00Z,current_a,20.70,A,2026-S1,fabriquée,réelle,none
M4-CAL-008,EQ-OVEN-223,2026-03-02T06:00:00Z,temperature_c,65.29,°C,2026-S1,réelle,réelle,none
M4-CAL-023,EQ-OVEN-386,2026-03-02T06:00:00Z,current_a,22.36,A,2026-S1,fabriquée,réelle,none
M4-CAL-008,EQ-OVEN-223,2026-03-02T12:00:00Z,temperature_c,63.55,°C,2026-S1,réelle,réelle,none
M4-CAL-023,EQ-OVEN-386,2026-03-02T12:00:00Z,current_a,26.31,A,2026-S1,fabriquée,réelle,none
M4-CAL-008,EQ-OVEN-223,2026-03-02T18:00:00Z,temperature_c,61.44,°C,2026-S1,réelle,réelle,none
M4-CAL-023,EQ-OVEN-386,2026-03-02T18:00:00Z,current_a,25.54,A,2026-S1,fabriquée,réelle,none
M4-CAL-030,EQ-OVEN-223,2026-03-10T12:00:00Z,current_a,19.61,A,2026-S1,fabriquée,réelle,none
M4-CAL-030,EQ-OVEN-223,2026-03-10T18:00:00Z,current_a,19.61,A,2026-S1,fabriquée,réelle,none
M4-CAL-030,EQ-OVEN-223,2026-03-11T00:00:00Z,current_a,24.13,A,2026-S1,fabriquée,réelle,none
M4-CAL-030,EQ-OVEN-223,2026-03-11T06:00:00Z,current_a,21.92,A,2026-S1,fabriquée,réelle,none
M4-CAL-030,EQ-OVEN-223,2026-03-11T12:00:00Z,current_a,19.96,A,2026-S1,fabriquée,réelle,none
M4-CAL-030,EQ-OVEN-223,2026-03-11T18:00:00Z,current_a,22.83,A,2026-S1,fabriquée,réelle,none
M4-CAL-030,EQ-OVEN-223,2026-03-12T00:00:00Z,current_a,24.81,A,2026-S1,fabriquée,réelle,none
M4-CAL-030,EQ-OVEN-223,2026-03-12T06:00:00Z,current_a,21.09,A,2026-S1,fabriquée,réelle,none
M4-CAL-030,EQ-OVEN-223,2026-03-12T12:00:00Z,current_a,23.23,A,2026-S1,fabriquée,réelle,none
M4-CAL-030,EQ-OVEN-223,2026-03-12T18:00:00Z,current_a,26.57,A,2026-S1,fabriquée,réelle,none
M4-CAL-030,EQ-OVEN-223,2026-03-13T00:00:00Z,current_a,27.40,A,2026-S1,fabriquée,réelle,none
M4-CAL-030,EQ-OVEN-223,2026-03-13T06:00:00Z,current_a,25.27,A,2026-S1,fabriquée,réelle,none
M4-CAL-030,EQ-OVEN-223,2026-03-13T12:00:00Z,current_a,24.88,A,2026-S1,fabriquée,réelle,none
M4-CAL-030,EQ-OVEN-223,2026-03-13T18:00:00Z,current_a,28.86,A,2026-S1,fabriquée,réelle,none
M4-CAL-030,EQ-OVEN-223,2026-03-14T00:00:00Z,current_a,29.38,A,2026-S1,fabriquée,réelle,none
M4-CAL-030,EQ-OVEN-223,2026-03-14T06:00:00Z,current_a,25.57,A,2026-S1,fabriquée,réelle,none
M4-CAL-030,EQ-OVEN-223,2026-03-14T12:00:00Z,current_a,23.67,A,2026-S1,fabriquée,réelle,none
M4-CAL-030,EQ-OVEN-223,2026-03-14T18:00:00Z,current_a,26.93,A,2026-S1,fabriquée,réelle,none
M4-CAL-030,EQ-OVEN-223,2026-03-15T00:00:00Z,current_a,28.35,A,2026-S1,fabriquée,réelle,none
M4-CAL-030,EQ-OVEN-223,2026-03-15T06:00:00Z,current_a,23.44,A,2026-S1,fabriquée,réelle,none
M4-CAL-030,EQ-OVEN-223,2026-03-15T12:00:00Z,current_a,21.08,A,2026-S1,fabriquée,réelle,none
M4-CAL-030,EQ-OVEN-223,2026-03-15T18:00:00Z,current_a,23.80,A,2026-S1,fabriquée,réelle,none
M4-CAL-030,EQ-OVEN-223,2026-03-16T00:00:00Z,current_a,25.66,A,2026-S1,fabriquée,réelle,none
M4-CAL-030,EQ-OVEN-223,2026-03-16T06:00:00Z,current_a,22.22,A,2026-S1,fabriquée,réelle,none
M4-CAL-030,EQ-OVEN-223,2026-03-16T12:00:00Z,current_a,17.84,A,2026-S1,fabriquée,réelle,none
M4-CAL-030,EQ-OVEN-223,2026-03-16T18:00:00Z,current_a,21.97,A,2026-S1,fabriquée,réelle,none
M4-CAL-030,EQ-OVEN-223,2026-03-17T00:00:00Z,current_a,21.80,A,2026-S1,fabriquée,réelle,none
M4-CAL-030,EQ-OVEN-223,2026-03-17T06:00:00Z,current_a,21.42,A,2026-S1,fabriquée,réelle,none
M4-CAL-030,EQ-OVEN-223,2026-03-17T12:00:00Z,current_a,20.22,A,2026-S1,fabriquée,réelle,none
M4-CAL-030,EQ-OVEN-223,2026-03-17T18:00:00Z,current_a,21.51,A,2026-S1,fabriquée,réelle,none
M4-CAL-024,EQ-OVEN-123,2026-03-18T00:00:00Z,current_a,26.83,A,2026-S1,fabriquée,réelle,none
M4-CAL-024,EQ-OVEN-123,2026-03-18T06:00:00Z,current_a,23.99,A,2026-S1,fabriquée,réelle,none
M4-CAL-024,EQ-OVEN-123,2026-03-18T12:00:00Z,current_a,20.66,A,2026-S1,fabriquée,réelle,none
M4-CAL-024,EQ-OVEN-123,2026-03-18T18:00:00Z,current_a,25.38,A,2026-S1,fabriquée,réelle,none
M4-CAL-024,EQ-OVEN-123,2026-03-19T00:00:00Z,current_a,22.78,A,2026-S1,fabriquée,réelle,none
M4-CAL-024,EQ-OVEN-123,2026-03-19T06:00:00Z,current_a,25.05,A,2026-S1,fabriquée,réelle,none
M4-CAL-024,EQ-OVEN-123,2026-03-19T12:00:00Z,current_a,23.57,A,2026-S1,fabriquée,réelle,none
M4-CAL-024,EQ-OVEN-123,2026-03-19T18:00:00Z,current_a,21.99,A,2026-S1,fabriquée,réelle,none
M4-CAL-024,EQ-OVEN-123,2026-03-20T00:00:00Z,current_a,25.06,A,2026-S1,fabriquée,réelle,none
M4-CAL-024,EQ-OVEN-123,2026-03-20T06:00:00Z,current_a,22.77,A,2026-S1,fabriquée,réelle,none
M4-CAL-024,EQ-OVEN-123,2026-03-20T12:00:00Z,current_a,25.16,A,2026-S1,fabriquée,réelle,none
M4-CAL-024,EQ-OVEN-123,2026-03-20T18:00:00Z,current_a,24.27,A,2026-S1,fabriquée,réelle,none
M4-CAL-024,EQ-OVEN-123,2026-03-21T00:00:00Z,current_a,22.71,A,2026-S1,fabriquée,réelle,none
M4-CAL-024,EQ-OVEN-123,2026-03-21T06:00:00Z,current_a,26.05,A,2026-S1,fabriquée,réelle,none
M4-CAL-024,EQ-OVEN-123,2026-03-21T12:00:00Z,current_a,21.72,A,2026-S1,fabriquée,réelle,none
M4-CAL-024,EQ-OVEN-123,2026-03-21T18:00:00Z,current_a,26.01,A,2026-S1,fabriquée,réelle,none
M4-CAL-024,EQ-OVEN-123,2026-03-22T00:00:00Z,current_a,20.71,A,2026-S1,fabriquée,réelle,none
M4-CAL-024,EQ-OVEN-123,2026-03-22T06:00:00Z,current_a,22.89,A,2026-S1,fabriquée,réelle,none
M4-CAL-024,EQ-OVEN-123,2026-03-22T12:00:00Z,current_a,24.90,A,2026-S1,fabriquée,réelle,none
M4-CAL-024,EQ-OVEN-123,2026-03-22T18:00:00Z,current_a,21.99,A,2026-S1,fabriquée,réelle,none
M4-CAL-024,EQ-OVEN-123,2026-03-23T00:00:00Z,current_a,23.14,A,2026-S1,fabriquée,réelle,none
M4-CAL-024,EQ-OVEN-123,2026-03-23T06:00:00Z,current_a,26.06,A,2026-S1,fabriquée,réelle,none
M4-CAL-024,EQ-OVEN-123,2026-03-23T12:00:00Z,current_a,24.23,A,2026-S1,fabriquée,réelle,none
M4-CAL-024,EQ-OVEN-123,2026-03-23T18:00:00Z,current_a,24.72,A,2026-S1,fabriquée,réelle,none
M4-CAL-024,EQ-OVEN-123,2026-03-24T00:00:00Z,current_a,24.11,A,2026-S1,fabriquée,réelle,none
M4-CAL-024,EQ-OVEN-123,2026-03-24T06:00:00Z,current_a,25.63,A,2026-S1,fabriquée,réelle,none
M4-CAL-024,EQ-OVEN-123,2026-03-24T12:00:00Z,current_a,25.71,A,2026-S1,fabriquée,réelle,none
M4-CAL-024,EQ-OVEN-123,2026-03-24T18:00:00Z,current_a,24.31,A,2026-S1,fabriquée,réelle,none
M4-CAL-024,EQ-OVEN-123,2026-03-25T00:00:00Z,current_a,25.47,A,2026-S1,fabriquée,réelle,none
M4-CAL-024,EQ-OVEN-123,2026-03-25T06:00:00Z,current_a,22.55,A,2026-S1,fabriquée,réelle,none
M4-CAL-010,EQ-CHILL-248,2026-04-02T00:00:00Z,temperature_c,52.85,°C,2026-S1,réelle,réelle,none
M4-CAL-002,EQ-CONV-336,2026-04-02T00:00:00Z,rpm,1336.62,rpm,2026-S1,réelle,réelle,none
M4-CAL-010,EQ-CHILL-248,2026-04-02T06:00:00Z,temperature_c,49.03,°C,2026-S1,réelle,réelle,none
M4-CAL-002,EQ-CONV-336,2026-04-02T06:00:00Z,rpm,1383.85,rpm,2026-S1,réelle,réelle,none
M4-CAL-010,EQ-CHILL-248,2026-04-02T12:00:00Z,temperature_c,50.85,°C,2026-S1,réelle,réelle,none
M4-CAL-002,EQ-CONV-336,2026-04-02T12:00:00Z,rpm,1384.63,rpm,2026-S1,réelle,réelle,none
M4-CAL-010,EQ-CHILL-248,2026-04-02T18:00:00Z,temperature_c,55.96,°C,2026-S1,réelle,réelle,none
M4-CAL-002,EQ-CONV-336,2026-04-02T18:00:00Z,rpm,1322.82,rpm,2026-S1,réelle,réelle,none
M4-CAL-010,EQ-CHILL-248,2026-04-03T00:00:00Z,temperature_c,53.33,°C,2026-S1,réelle,réelle,none
M4-CAL-002,EQ-CONV-336,2026-04-03T00:00:00Z,rpm,1355.98,rpm,2026-S1,réelle,réelle,none
M4-CAL-010,EQ-CHILL-248,2026-04-03T06:00:00Z,temperature_c,49.79,°C,2026-S1,réelle,réelle,none
M4-CAL-002,EQ-CONV-336,2026-04-03T06:00:00Z,rpm,1394.78,rpm,2026-S1,réelle,réelle,none
M4-CAL-010,EQ-CHILL-248,2026-04-03T12:00:00Z,temperature_c,52.16,°C,2026-S1,réelle,réelle,none
M4-CAL-002,EQ-CONV-336,2026-04-03T12:00:00Z,rpm,1368.28,rpm,2026-S1,réelle,réelle,none
M4-CAL-010,EQ-CHILL-248,2026-04-03T18:00:00Z,temperature_c,56.03,°C,2026-S1,réelle,réelle,none
M4-CAL-002,EQ-CONV-336,2026-04-03T18:00:00Z,rpm,1340.75,rpm,2026-S1,réelle,réelle,none
M4-CAL-010,EQ-CHILL-248,2026-04-04T00:00:00Z,temperature_c,53.50,°C,2026-S1,réelle,réelle,none
M4-CAL-002,EQ-CONV-336,2026-04-04T00:00:00Z,rpm,1344.00,rpm,2026-S1,réelle,réelle,none
M4-CAL-010,EQ-CHILL-248,2026-04-04T06:00:00Z,temperature_c,45.72,°C,2026-S1,réelle,réelle,none
M4-CAL-002,EQ-CONV-336,2026-04-04T06:00:00Z,rpm,1395.68,rpm,2026-S1,réelle,réelle,none
M4-CAL-010,EQ-CHILL-248,2026-04-04T12:00:00Z,temperature_c,50.54,°C,2026-S1,réelle,réelle,none
M4-CAL-002,EQ-CONV-336,2026-04-04T12:00:00Z,rpm,1333.95,rpm,2026-S1,réelle,réelle,none
M4-CAL-010,EQ-CHILL-248,2026-04-04T18:00:00Z,temperature_c,55.24,°C,2026-S1,réelle,réelle,none
M4-CAL-002,EQ-CONV-336,2026-04-04T18:00:00Z,rpm,1297.80,rpm,2026-S1,réelle,réelle,none
M4-CAL-010,EQ-CHILL-248,2026-04-05T00:00:00Z,temperature_c,50.98,°C,2026-S1,réelle,réelle,none
M4-CAL-002,EQ-CONV-336,2026-04-05T00:00:00Z,rpm,1312.09,rpm,2026-S1,réelle,réelle,none
M4-CAL-010,EQ-CHILL-248,2026-04-05T06:00:00Z,temperature_c,47.55,°C,2026-S1,réelle,réelle,none
M4-CAL-002,EQ-CONV-336,2026-04-05T06:00:00Z,rpm,1399.80,rpm,2026-S1,réelle,réelle,none
M4-CAL-010,EQ-CHILL-248,2026-04-05T12:00:00Z,temperature_c,50.06,°C,2026-S1,réelle,réelle,none
M4-CAL-002,EQ-CONV-336,2026-04-05T12:00:00Z,rpm,1359.54,rpm,2026-S1,réelle,réelle,none
M4-CAL-010,EQ-CHILL-248,2026-04-05T18:00:00Z,temperature_c,55.37,°C,2026-S1,réelle,réelle,none
M4-CAL-002,EQ-CONV-336,2026-04-05T18:00:00Z,rpm,1314.54,rpm,2026-S1,réelle,réelle,none
M4-CAL-010,EQ-CHILL-248,2026-04-06T00:00:00Z,temperature_c,50.47,°C,2026-S1,réelle,réelle,none
M4-CAL-002,EQ-CONV-336,2026-04-06T00:00:00Z,rpm,1340.08,rpm,2026-S1,réelle,réelle,none
M4-CAL-010,EQ-CHILL-248,2026-04-06T06:00:00Z,temperature_c,49.19,°C,2026-S1,réelle,réelle,none
M4-CAL-002,EQ-CONV-336,2026-04-06T06:00:00Z,rpm,1394.84,rpm,2026-S1,réelle,réelle,none
M4-CAL-010,EQ-CHILL-248,2026-04-06T12:00:00Z,temperature_c,55.98,°C,2026-S1,réelle,réelle,none
M4-CAL-002,EQ-CONV-336,2026-04-06T12:00:00Z,rpm,1360.54,rpm,2026-S1,réelle,réelle,none
M4-CAL-010,EQ-CHILL-248,2026-04-06T18:00:00Z,temperature_c,57.88,°C,2026-S1,réelle,réelle,none
M4-CAL-002,EQ-CONV-336,2026-04-06T18:00:00Z,rpm,1316.58,rpm,2026-S1,réelle,réelle,none
M4-CAL-010,EQ-CHILL-248,2026-04-07T00:00:00Z,temperature_c,51.32,°C,2026-S1,réelle,réelle,none
M4-CAL-002,EQ-CONV-336,2026-04-07T00:00:00Z,rpm,1341.22,rpm,2026-S1,réelle,réelle,none
M4-CAL-010,EQ-CHILL-248,2026-04-07T06:00:00Z,temperature_c,49.28,°C,2026-S1,réelle,réelle,none
M4-CAL-002,EQ-CONV-336,2026-04-07T06:00:00Z,rpm,1388.75,rpm,2026-S1,réelle,réelle,none
M4-CAL-010,EQ-CHILL-248,2026-04-07T12:00:00Z,temperature_c,52.23,°C,2026-S1,réelle,réelle,none
M4-CAL-002,EQ-CONV-336,2026-04-07T12:00:00Z,rpm,1389.32,rpm,2026-S1,réelle,réelle,none
M4-CAL-010,EQ-CHILL-248,2026-04-07T18:00:00Z,temperature_c,59.46,°C,2026-S1,réelle,réelle,none
M4-CAL-002,EQ-CONV-336,2026-04-07T18:00:00Z,rpm,1338.99,rpm,2026-S1,réelle,réelle,none
M4-CAL-010,EQ-CHILL-248,2026-04-08T00:00:00Z,temperature_c,53.38,°C,2026-S1,réelle,réelle,none
M4-CAL-002,EQ-CONV-336,2026-04-08T00:00:00Z,rpm,1362.56,rpm,2026-S1,réelle,réelle,none
M4-CAL-010,EQ-CHILL-248,2026-04-08T06:00:00Z,temperature_c,48.75,°C,2026-S1,réelle,réelle,none
M4-CAL-002,EQ-CONV-336,2026-04-08T06:00:00Z,rpm,1406.72,rpm,2026-S1,réelle,réelle,none
M4-CAL-010,EQ-CHILL-248,2026-04-08T12:00:00Z,temperature_c,54.41,°C,2026-S1,réelle,réelle,none
M4-CAL-002,EQ-CONV-336,2026-04-08T12:00:00Z,rpm,1370.65,rpm,2026-S1,réelle,réelle,none
M4-CAL-010,EQ-CHILL-248,2026-04-08T18:00:00Z,temperature_c,57.38,°C,2026-S1,réelle,réelle,none
M4-CAL-002,EQ-CONV-336,2026-04-08T18:00:00Z,rpm,1268.30,rpm,2026-S1,réelle,réelle,none
M4-CAL-010,EQ-CHILL-248,2026-04-09T00:00:00Z,temperature_c,51.80,°C,2026-S1,réelle,réelle,none
M4-CAL-002,EQ-CONV-336,2026-04-09T00:00:00Z,rpm,1324.06,rpm,2026-S1,réelle,réelle,none
M4-CAL-010,EQ-CHILL-248,2026-04-09T06:00:00Z,temperature_c,48.02,°C,2026-S1,réelle,réelle,none
M4-CAL-002,EQ-CONV-336,2026-04-09T06:00:00Z,rpm,1402.89,rpm,2026-S1,réelle,réelle,none
M4-CAL-004,EQ-CONV-262,2026-04-16T18:00:00Z,current_a,31.08,A,2026-S1,réelle,réelle,none
M4-CAL-004,EQ-CONV-262,2026-04-17T00:00:00Z,current_a,30.17,A,2026-S1,réelle,réelle,none
M4-CAL-004,EQ-CONV-262,2026-04-17T06:00:00Z,current_a,25.57,A,2026-S1,réelle,réelle,none
M4-CAL-004,EQ-CONV-262,2026-04-17T12:00:00Z,current_a,29.35,A,2026-S1,réelle,réelle,none
M4-CAL-004,EQ-CONV-262,2026-04-17T18:00:00Z,current_a,30.12,A,2026-S1,réelle,réelle,none
M4-CAL-004,EQ-CONV-262,2026-04-18T00:00:00Z,current_a,27.30,A,2026-S1,réelle,réelle,none
M4-CAL-004,EQ-CONV-262,2026-04-18T06:00:00Z,current_a,24.96,A,2026-S1,réelle,réelle,none
M4-CAL-004,EQ-CONV-262,2026-04-18T12:00:00Z,current_a,27.23,A,2026-S1,réelle,réelle,none
M4-CAL-004,EQ-CONV-262,2026-04-18T18:00:00Z,current_a,30.14,A,2026-S1,réelle,réelle,none
M4-CAL-004,EQ-CONV-262,2026-04-19T00:00:00Z,current_a,27.82,A,2026-S1,réelle,réelle,none
M4-CAL-004,EQ-CONV-262,2026-04-19T06:00:00Z,current_a,25.36,A,2026-S1,réelle,réelle,none
M4-CAL-004,EQ-CONV-262,2026-04-19T12:00:00Z,current_a,27.15,A,2026-S1,réelle,réelle,none
M4-CAL-004,EQ-CONV-262,2026-04-19T18:00:00Z,current_a,32.18,A,2026-S1,réelle,réelle,none
M4-CAL-004,EQ-CONV-262,2026-04-20T00:00:00Z,current_a,28.28,A,2026-S1,réelle,réelle,none
M4-CAL-004,EQ-CONV-262,2026-04-20T06:00:00Z,current_a,26.53,A,2026-S1,réelle,réelle,none
M4-CAL-004,EQ-CONV-262,2026-04-20T12:00:00Z,current_a,29.50,A,2026-S1,réelle,réelle,none
M4-CAL-004,EQ-CONV-262,2026-04-20T18:00:00Z,current_a,34.11,A,2026-S1,réelle,réelle,none
M4-CAL-004,EQ-CONV-262,2026-04-21T00:00:00Z,current_a,27.55,A,2026-S1,réelle,réelle,none
M4-CAL-004,EQ-CONV-262,2026-04-21T06:00:00Z,current_a,26.38,A,2026-S1,réelle,réelle,none
M4-CAL-004,EQ-CONV-262,2026-04-21T12:00:00Z,current_a,28.65,A,2026-S1,réelle,réelle,none
M4-CAL-004,EQ-CONV-262,2026-04-21T18:00:00Z,current_a,30.78,A,2026-S1,réelle,réelle,none
M4-CAL-004,EQ-CONV-262,2026-04-22T00:00:00Z,current_a,29.11,A,2026-S1,réelle,réelle,none
M4-CAL-004,EQ-CONV-262,2026-04-22T06:00:00Z,current_a,27.07,A,2026-S1,réelle,réelle,none
M4-CAL-004,EQ-CONV-262,2026-04-22T12:00:00Z,current_a,28.81,A,2026-S1,réelle,réelle,none
M4-CAL-004,EQ-CONV-262,2026-04-22T18:00:00Z,current_a,31.09,A,2026-S1,réelle,réelle,none
M4-CAL-004,EQ-CONV-262,2026-04-23T00:00:00Z,current_a,28.88,A,2026-S1,réelle,réelle,none
M4-CAL-004,EQ-CONV-262,2026-04-23T06:00:00Z,current_a,26.67,A,2026-S1,réelle,réelle,none
M4-CAL-004,EQ-CONV-262,2026-04-23T12:00:00Z,current_a,28.62,A,2026-S1,réelle,réelle,none
M4-CAL-004,EQ-CONV-262,2026-04-23T18:00:00Z,current_a,30.33,A,2026-S1,réelle,réelle,none
M4-CAL-004,EQ-CONV-262,2026-04-24T00:00:00Z,current_a,28.84,A,2026-S1,réelle,réelle,none
M4-CAL-012,EQ-MIX-259,2026-05-02T00:00:00Z,vibration_mm_s,2.24,mm/s,2026-S1,réelle,réelle,none
M4-CAL-012,EQ-MIX-259,2026-05-02T06:00:00Z,vibration_mm_s,2.37,mm/s,2026-S1,réelle,réelle,none
M4-CAL-012,EQ-MIX-259,2026-05-02T12:00:00Z,vibration_mm_s,2.43,mm/s,2026-S1,réelle,réelle,none
M4-CAL-012,EQ-MIX-259,2026-05-02T18:00:00Z,vibration_mm_s,2.30,mm/s,2026-S1,réelle,réelle,none
M4-CAL-012,EQ-MIX-259,2026-05-03T00:00:00Z,vibration_mm_s,2.26,mm/s,2026-S1,réelle,réelle,none
M4-CAL-012,EQ-MIX-259,2026-05-03T06:00:00Z,vibration_mm_s,2.43,mm/s,2026-S1,réelle,réelle,none
M4-CAL-012,EQ-MIX-259,2026-05-03T12:00:00Z,vibration_mm_s,2.80,mm/s,2026-S1,réelle,réelle,none
M4-CAL-012,EQ-MIX-259,2026-05-03T18:00:00Z,vibration_mm_s,2.61,mm/s,2026-S1,réelle,réelle,none
M4-CAL-012,EQ-MIX-259,2026-05-04T00:00:00Z,vibration_mm_s,2.39,mm/s,2026-S1,réelle,réelle,none
M4-CAL-012,EQ-MIX-259,2026-05-04T06:00:00Z,vibration_mm_s,2.70,mm/s,2026-S1,réelle,réelle,none
M4-CAL-012,EQ-MIX-259,2026-05-04T12:00:00Z,vibration_mm_s,3.14,mm/s,2026-S1,réelle,réelle,none
M4-CAL-012,EQ-MIX-259,2026-05-04T18:00:00Z,vibration_mm_s,3.12,mm/s,2026-S1,réelle,réelle,none
M4-CAL-012,EQ-MIX-259,2026-05-05T00:00:00Z,vibration_mm_s,2.63,mm/s,2026-S1,réelle,réelle,none
M4-CAL-012,EQ-MIX-259,2026-05-05T06:00:00Z,vibration_mm_s,2.62,mm/s,2026-S1,réelle,réelle,none
M4-CAL-012,EQ-MIX-259,2026-05-05T12:00:00Z,vibration_mm_s,2.84,mm/s,2026-S1,réelle,réelle,none
M4-CAL-012,EQ-MIX-259,2026-05-05T18:00:00Z,vibration_mm_s,3.15,mm/s,2026-S1,réelle,réelle,none
M4-CAL-012,EQ-MIX-259,2026-05-06T00:00:00Z,vibration_mm_s,2.32,mm/s,2026-S1,réelle,réelle,none
M4-CAL-012,EQ-MIX-259,2026-05-06T06:00:00Z,vibration_mm_s,2.65,mm/s,2026-S1,réelle,réelle,none
M4-CAL-012,EQ-MIX-259,2026-05-06T12:00:00Z,vibration_mm_s,2.67,mm/s,2026-S1,réelle,réelle,none
M4-CAL-012,EQ-MIX-259,2026-05-06T18:00:00Z,vibration_mm_s,2.93,mm/s,2026-S1,réelle,réelle,none
M4-CAL-012,EQ-MIX-259,2026-05-07T00:00:00Z,vibration_mm_s,2.17,mm/s,2026-S1,réelle,réelle,none
M4-CAL-012,EQ-MIX-259,2026-05-07T06:00:00Z,vibration_mm_s,2.32,mm/s,2026-S1,réelle,réelle,none
M4-CAL-012,EQ-MIX-259,2026-05-07T12:00:00Z,vibration_mm_s,3.12,mm/s,2026-S1,réelle,réelle,none
M4-CAL-012,EQ-MIX-259,2026-05-07T18:00:00Z,vibration_mm_s,2.97,mm/s,2026-S1,réelle,réelle,none
M4-CAL-012,EQ-MIX-259,2026-05-08T00:00:00Z,vibration_mm_s,2.19,mm/s,2026-S1,réelle,réelle,none
M4-CAL-012,EQ-MIX-259,2026-05-08T06:00:00Z,vibration_mm_s,2.59,mm/s,2026-S1,réelle,réelle,none
M4-CAL-012,EQ-MIX-259,2026-05-08T12:00:00Z,vibration_mm_s,2.29,mm/s,2026-S1,réelle,réelle,none
M4-CAL-012,EQ-MIX-259,2026-05-08T18:00:00Z,vibration_mm_s,2.72,mm/s,2026-S1,réelle,réelle,none
M4-CAL-012,EQ-MIX-259,2026-05-09T00:00:00Z,vibration_mm_s,1.86,mm/s,2026-S1,réelle,réelle,none
M4-CAL-012,EQ-MIX-259,2026-05-09T06:00:00Z,vibration_mm_s,1.96,mm/s,2026-S1,réelle,réelle,none
M4-CAL-027,EQ-OVEN-386,2026-05-09T12:00:00Z,temperature_c,67.30,°C,2026-S1,fabriquée,réelle,none
M4-CAL-022,EQ-CONV-262,2026-05-09T12:23:00Z,rpm,1438.19,rpm,2026-S1,fabriquée,fabriquée,M3-GRID
M4-CAL-027,EQ-OVEN-386,2026-05-09T18:00:00Z,temperature_c,62.98,°C,2026-S1,fabriquée,réelle,none
M4-CAL-022,EQ-CONV-262,2026-05-09T18:41:00Z,rpm,1514.77,rpm,2026-S1,fabriquée,fabriquée,M3-GRID
M4-CAL-022,EQ-CONV-262,2026-05-09T23:23:00Z,rpm,1503.36,rpm,2026-S1,fabriquée,fabriquée,M3-GRID
M4-CAL-027,EQ-OVEN-386,2026-05-10T00:00:00Z,temperature_c,58.16,°C,2026-S1,fabriquée,réelle,none
M4-CAL-027,EQ-OVEN-386,2026-05-10T06:00:00Z,temperature_c,66.74,°C,2026-S1,fabriquée,réelle,none
M4-CAL-022,EQ-CONV-262,2026-05-10T06:41:00Z,rpm,1422.87,rpm,2026-S1,fabriquée,fabriquée,M3-GRID
M4-CAL-022,EQ-CONV-262,2026-05-10T11:07:00Z,rpm,1445.29,rpm,2026-S1,fabriquée,fabriquée,M3-GRID
M4-CAL-027,EQ-OVEN-386,2026-05-10T12:00:00Z,temperature_c,67.16,°C,2026-S1,fabriquée,réelle,none
M4-CAL-022,EQ-CONV-262,2026-05-10T17:23:00Z,rpm,1479.80,rpm,2026-S1,fabriquée,fabriquée,M3-GRID
M4-CAL-027,EQ-OVEN-386,2026-05-10T18:00:00Z,temperature_c,65.59,°C,2026-S1,fabriquée,réelle,none
M4-CAL-022,EQ-CONV-262,2026-05-10T23:23:00Z,rpm,1483.08,rpm,2026-S1,fabriquée,fabriquée,M3-GRID
M4-CAL-027,EQ-OVEN-386,2026-05-11T00:00:00Z,temperature_c,56.13,°C,2026-S1,fabriquée,réelle,none
M4-CAL-022,EQ-CONV-262,2026-05-11T05:07:00Z,rpm,1430.28,rpm,2026-S1,fabriquée,fabriquée,M3-GRID
M4-CAL-027,EQ-OVEN-386,2026-05-11T06:00:00Z,temperature_c,60.81,°C,2026-S1,fabriquée,réelle,none
M4-CAL-022,EQ-CONV-262,2026-05-11T11:07:00Z,rpm,1436.12,rpm,2026-S1,fabriquée,fabriquée,M3-GRID
M4-CAL-027,EQ-OVEN-386,2026-05-11T12:00:00Z,temperature_c,67.16,°C,2026-S1,fabriquée,réelle,none
M4-CAL-022,EQ-CONV-262,2026-05-11T17:07:00Z,rpm,1493.47,rpm,2026-S1,fabriquée,fabriquée,M3-GRID
M4-CAL-027,EQ-OVEN-386,2026-05-11T18:00:00Z,temperature_c,61.99,°C,2026-S1,fabriquée,réelle,none
M4-CAL-022,EQ-CONV-262,2026-05-11T23:23:00Z,rpm,1500.44,rpm,2026-S1,fabriquée,fabriquée,M3-GRID
M4-CAL-027,EQ-OVEN-386,2026-05-12T00:00:00Z,temperature_c,57.33,°C,2026-S1,fabriquée,réelle,none
M4-CAL-027,EQ-OVEN-386,2026-05-12T06:00:00Z,temperature_c,61.05,°C,2026-S1,fabriquée,réelle,none
M4-CAL-022,EQ-CONV-262,2026-05-12T06:23:00Z,rpm,1442.49,rpm,2026-S1,fabriquée,fabriquée,M3-GRID
M4-CAL-027,EQ-OVEN-386,2026-05-12T12:00:00Z,temperature_c,67.57,°C,2026-S1,fabriquée,réelle,none
M4-CAL-022,EQ-CONV-262,2026-05-12T12:41:00Z,rpm,1427.73,rpm,2026-S1,fabriquée,fabriquée,M3-GRID
M4-CAL-027,EQ-OVEN-386,2026-05-12T18:00:00Z,temperature_c,60.05,°C,2026-S1,fabriquée,réelle,none
M4-CAL-022,EQ-CONV-262,2026-05-12T18:23:00Z,rpm,1505.57,rpm,2026-S1,fabriquée,fabriquée,M3-GRID
M4-CAL-022,EQ-CONV-262,2026-05-12T23:07:00Z,rpm,1477.21,rpm,2026-S1,fabriquée,fabriquée,M3-GRID
M4-CAL-027,EQ-OVEN-386,2026-05-13T00:00:00Z,temperature_c,53.87,°C,2026-S1,fabriquée,réelle,none
M4-CAL-022,EQ-CONV-262,2026-05-13T05:41:00Z,rpm,1413.01,rpm,2026-S1,fabriquée,fabriquée,M3-GRID
M4-CAL-027,EQ-OVEN-386,2026-05-13T06:00:00Z,temperature_c,60.20,°C,2026-S1,fabriquée,réelle,none
M4-CAL-027,EQ-OVEN-386,2026-05-13T12:00:00Z,temperature_c,63.85,°C,2026-S1,fabriquée,réelle,none
M4-CAL-022,EQ-CONV-262,2026-05-13T12:41:00Z,rpm,1487.21,rpm,2026-S1,fabriquée,fabriquée,M3-GRID
M4-CAL-027,EQ-OVEN-386,2026-05-13T18:00:00Z,temperature_c,60.89,°C,2026-S1,fabriquée,réelle,none
M4-CAL-022,EQ-CONV-262,2026-05-13T18:41:00Z,rpm,1533.74,rpm,2026-S1,fabriquée,fabriquée,M3-GRID
M4-CAL-022,EQ-CONV-262,2026-05-13T23:07:00Z,rpm,1476.80,rpm,2026-S1,fabriquée,fabriquée,M3-GRID
M4-CAL-027,EQ-OVEN-386,2026-05-14T00:00:00Z,temperature_c,60.93,°C,2026-S1,fabriquée,réelle,none
M4-CAL-027,EQ-OVEN-386,2026-05-14T06:00:00Z,temperature_c,61.72,°C,2026-S1,fabriquée,réelle,none
M4-CAL-022,EQ-CONV-262,2026-05-14T06:23:00Z,rpm,1429.38,rpm,2026-S1,fabriquée,fabriquée,M3-GRID
M4-CAL-022,EQ-CONV-262,2026-05-14T11:23:00Z,rpm,1480.18,rpm,2026-S1,fabriquée,fabriquée,M3-GRID
M4-CAL-027,EQ-OVEN-386,2026-05-14T12:00:00Z,temperature_c,67.35,°C,2026-S1,fabriquée,réelle,none
M4-CAL-022,EQ-CONV-262,2026-05-14T17:07:00Z,rpm,1494.92,rpm,2026-S1,fabriquée,fabriquée,M3-GRID
M4-CAL-027,EQ-OVEN-386,2026-05-14T18:00:00Z,temperature_c,63.10,°C,2026-S1,fabriquée,réelle,none
M4-CAL-022,EQ-CONV-262,2026-05-14T23:23:00Z,rpm,1484.97,rpm,2026-S1,fabriquée,fabriquée,M3-GRID
M4-CAL-027,EQ-OVEN-386,2026-05-15T00:00:00Z,temperature_c,58.61,°C,2026-S1,fabriquée,réelle,none
M4-CAL-022,EQ-CONV-262,2026-05-15T05:23:00Z,rpm,1415.45,rpm,2026-S1,fabriquée,fabriquée,M3-GRID
M4-CAL-027,EQ-OVEN-386,2026-05-15T06:00:00Z,temperature_c,65.13,°C,2026-S1,fabriquée,réelle,none
M4-CAL-027,EQ-OVEN-386,2026-05-15T12:00:00Z,temperature_c,65.49,°C,2026-S1,fabriquée,réelle,none
M4-CAL-022,EQ-CONV-262,2026-05-15T12:41:00Z,rpm,1432.23,rpm,2026-S1,fabriquée,fabriquée,M3-GRID
M4-CAL-022,EQ-CONV-262,2026-05-15T17:23:00Z,rpm,1513.47,rpm,2026-S1,fabriquée,fabriquée,M3-GRID
M4-CAL-027,EQ-OVEN-386,2026-05-15T18:00:00Z,temperature_c,64.89,°C,2026-S1,fabriquée,réelle,none
M4-CAL-022,EQ-CONV-262,2026-05-15T23:07:00Z,rpm,1472.43,rpm,2026-S1,fabriquée,fabriquée,M3-GRID
M4-CAL-027,EQ-OVEN-386,2026-05-16T00:00:00Z,temperature_c,58.11,°C,2026-S1,fabriquée,réelle,none
M4-CAL-027,EQ-OVEN-386,2026-05-16T06:00:00Z,temperature_c,63.57,°C,2026-S1,fabriquée,réelle,none
M4-CAL-022,EQ-CONV-262,2026-05-16T06:11:00Z,rpm,1413.33,rpm,2026-S1,fabriquée,fabriquée,M3-GRID
M4-CAL-022,EQ-CONV-262,2026-05-16T11:07:00Z,rpm,1411.44,rpm,2026-S1,fabriquée,fabriquée,M3-GRID
M4-CAL-027,EQ-OVEN-386,2026-05-16T12:00:00Z,temperature_c,67.10,°C,2026-S1,fabriquée,réelle,none
M4-CAL-027,EQ-OVEN-386,2026-05-16T18:00:00Z,temperature_c,63.06,°C,2026-S1,fabriquée,réelle,none
M4-CAL-022,EQ-CONV-262,2026-05-16T18:23:00Z,rpm,1507.71,rpm,2026-S1,fabriquée,fabriquée,M3-GRID
M4-CAL-011,EQ-FAN-003,2026-05-17T00:00:00Z,vibration_mm_s,1.96,mm/s,2026-S1,réelle,réelle,none
M4-CAL-026,EQ-FAN-284,2026-05-17T00:00:00Z,rpm,1607.41,rpm,2026-S1,fabriquée,réelle,none
M4-CAL-011,EQ-FAN-003,2026-05-17T06:00:00Z,vibration_mm_s,2.38,mm/s,2026-S1,réelle,réelle,none
M4-CAL-026,EQ-FAN-284,2026-05-17T06:00:00Z,rpm,1652.09,rpm,2026-S1,fabriquée,réelle,none
M4-CAL-011,EQ-FAN-003,2026-05-17T12:00:00Z,vibration_mm_s,3.01,mm/s,2026-S1,réelle,réelle,none
M4-CAL-026,EQ-FAN-284,2026-05-17T12:00:00Z,rpm,1663.64,rpm,2026-S1,fabriquée,réelle,none
M4-CAL-011,EQ-FAN-003,2026-05-17T18:00:00Z,vibration_mm_s,3.02,mm/s,2026-S1,réelle,réelle,none
M4-CAL-026,EQ-FAN-284,2026-05-17T18:00:00Z,rpm,1596.00,rpm,2026-S1,fabriquée,réelle,none
M4-CAL-011,EQ-FAN-003,2026-05-18T00:00:00Z,vibration_mm_s,2.39,mm/s,2026-S1,réelle,réelle,none
M4-CAL-026,EQ-FAN-284,2026-05-18T00:00:00Z,rpm,1660.28,rpm,2026-S1,fabriquée,réelle,none
M4-CAL-011,EQ-FAN-003,2026-05-18T06:00:00Z,vibration_mm_s,2.77,mm/s,2026-S1,réelle,réelle,none
M4-CAL-026,EQ-FAN-284,2026-05-18T06:00:00Z,rpm,1652.09,rpm,2026-S1,fabriquée,réelle,none
M4-CAL-011,EQ-FAN-003,2026-05-18T12:00:00Z,vibration_mm_s,3.20,mm/s,2026-S1,réelle,réelle,none
M4-CAL-026,EQ-FAN-284,2026-05-18T12:00:00Z,rpm,1624.68,rpm,2026-S1,fabriquée,réelle,none
M4-CAL-011,EQ-FAN-003,2026-05-18T18:00:00Z,vibration_mm_s,3.15,mm/s,2026-S1,réelle,réelle,none
M4-CAL-026,EQ-FAN-284,2026-05-18T18:00:00Z,rpm,1579.51,rpm,2026-S1,fabriquée,réelle,none
M4-CAL-011,EQ-FAN-003,2026-05-19T00:00:00Z,vibration_mm_s,2.65,mm/s,2026-S1,réelle,réelle,none
M4-CAL-026,EQ-FAN-284,2026-05-19T00:00:00Z,rpm,1558.36,rpm,2026-S1,fabriquée,réelle,none
M4-CAL-011,EQ-FAN-003,2026-05-19T06:00:00Z,vibration_mm_s,2.60,mm/s,2026-S1,réelle,réelle,none
M4-CAL-026,EQ-FAN-284,2026-05-19T06:00:00Z,rpm,1708.56,rpm,2026-S1,fabriquée,réelle,none
M4-CAL-011,EQ-FAN-003,2026-05-19T12:00:00Z,vibration_mm_s,3.09,mm/s,2026-S1,réelle,réelle,none
M4-CAL-026,EQ-FAN-284,2026-05-19T12:00:00Z,rpm,1654.95,rpm,2026-S1,fabriquée,réelle,none
M4-CAL-011,EQ-FAN-003,2026-05-19T18:00:00Z,vibration_mm_s,2.91,mm/s,2026-S1,réelle,réelle,none
M4-CAL-026,EQ-FAN-284,2026-05-19T18:00:00Z,rpm,1684.14,rpm,2026-S1,fabriquée,réelle,none
M4-CAL-011,EQ-FAN-003,2026-05-20T00:00:00Z,vibration_mm_s,2.57,mm/s,2026-S1,réelle,réelle,none
M4-CAL-026,EQ-FAN-284,2026-05-20T00:00:00Z,rpm,1589.69,rpm,2026-S1,fabriquée,réelle,none
M4-CAL-011,EQ-FAN-003,2026-05-20T06:00:00Z,vibration_mm_s,2.84,mm/s,2026-S1,réelle,réelle,none
M4-CAL-026,EQ-FAN-284,2026-05-20T06:00:00Z,rpm,1696.53,rpm,2026-S1,fabriquée,réelle,none
M4-CAL-011,EQ-FAN-003,2026-05-20T12:00:00Z,vibration_mm_s,3.34,mm/s,2026-S1,réelle,réelle,none
M4-CAL-026,EQ-FAN-284,2026-05-20T12:00:00Z,rpm,1644.76,rpm,2026-S1,fabriquée,réelle,none
M4-CAL-011,EQ-FAN-003,2026-05-20T18:00:00Z,vibration_mm_s,3.19,mm/s,2026-S1,réelle,réelle,none
M4-CAL-026,EQ-FAN-284,2026-05-20T18:00:00Z,rpm,1708.82,rpm,2026-S1,fabriquée,réelle,none
M4-CAL-011,EQ-FAN-003,2026-05-21T00:00:00Z,vibration_mm_s,2.92,mm/s,2026-S1,réelle,réelle,none
M4-CAL-026,EQ-FAN-284,2026-05-21T00:00:00Z,rpm,1617.43,rpm,2026-S1,fabriquée,réelle,none
M4-CAL-011,EQ-FAN-003,2026-05-21T06:00:00Z,vibration_mm_s,2.72,mm/s,2026-S1,réelle,réelle,none
M4-CAL-026,EQ-FAN-284,2026-05-21T06:00:00Z,rpm,1563.63,rpm,2026-S1,fabriquée,réelle,none
M4-CAL-011,EQ-FAN-003,2026-05-21T12:00:00Z,vibration_mm_s,3.08,mm/s,2026-S1,réelle,réelle,none
M4-CAL-026,EQ-FAN-284,2026-05-21T12:00:00Z,rpm,1638.69,rpm,2026-S1,fabriquée,réelle,none
M4-CAL-011,EQ-FAN-003,2026-05-21T18:00:00Z,vibration_mm_s,2.90,mm/s,2026-S1,réelle,réelle,none
M4-CAL-026,EQ-FAN-284,2026-05-21T18:00:00Z,rpm,1608.55,rpm,2026-S1,fabriquée,réelle,none
M4-CAL-011,EQ-FAN-003,2026-05-22T00:00:00Z,vibration_mm_s,2.67,mm/s,2026-S1,réelle,réelle,none
M4-CAL-026,EQ-FAN-284,2026-05-22T00:00:00Z,rpm,1626.87,rpm,2026-S1,fabriquée,réelle,none
M4-CAL-011,EQ-FAN-003,2026-05-22T06:00:00Z,vibration_mm_s,2.55,mm/s,2026-S1,réelle,réelle,none
M4-CAL-026,EQ-FAN-284,2026-05-22T06:00:00Z,rpm,1649.11,rpm,2026-S1,fabriquée,réelle,none
M4-CAL-011,EQ-FAN-003,2026-05-22T12:00:00Z,vibration_mm_s,2.88,mm/s,2026-S1,réelle,réelle,none
M4-CAL-026,EQ-FAN-284,2026-05-22T12:00:00Z,rpm,1635.03,rpm,2026-S1,fabriquée,réelle,none
M4-CAL-011,EQ-FAN-003,2026-05-22T18:00:00Z,vibration_mm_s,2.81,mm/s,2026-S1,réelle,réelle,none
M4-CAL-026,EQ-FAN-284,2026-05-22T18:00:00Z,rpm,1683.14,rpm,2026-S1,fabriquée,réelle,none
M4-CAL-011,EQ-FAN-003,2026-05-23T00:00:00Z,vibration_mm_s,2.65,mm/s,2026-S1,réelle,réelle,none
M4-CAL-026,EQ-FAN-284,2026-05-23T00:00:00Z,rpm,1685.92,rpm,2026-S1,fabriquée,réelle,none
M4-CAL-011,EQ-FAN-003,2026-05-23T06:00:00Z,vibration_mm_s,2.59,mm/s,2026-S1,réelle,réelle,none
M4-CAL-026,EQ-FAN-284,2026-05-23T06:00:00Z,rpm,1623.30,rpm,2026-S1,fabriquée,réelle,none
M4-CAL-011,EQ-FAN-003,2026-05-23T12:00:00Z,vibration_mm_s,3.14,mm/s,2026-S1,réelle,réelle,none
M4-CAL-026,EQ-FAN-284,2026-05-23T12:00:00Z,rpm,1665.70,rpm,2026-S1,fabriquée,réelle,none
M4-CAL-011,EQ-FAN-003,2026-05-23T18:00:00Z,vibration_mm_s,3.07,mm/s,2026-S1,réelle,réelle,none
M4-CAL-026,EQ-FAN-284,2026-05-23T18:00:00Z,rpm,1635.29,rpm,2026-S1,fabriquée,réelle,none
M4-CAL-011,EQ-FAN-003,2026-05-24T00:00:00Z,vibration_mm_s,2.46,mm/s,2026-S1,réelle,réelle,none
M4-CAL-026,EQ-FAN-284,2026-05-24T00:00:00Z,rpm,1686.68,rpm,2026-S1,fabriquée,réelle,none
M4-CAL-011,EQ-FAN-003,2026-05-24T06:00:00Z,vibration_mm_s,2.89,mm/s,2026-S1,réelle,réelle,none
M4-CAL-026,EQ-FAN-284,2026-05-24T06:00:00Z,rpm,1604.11,rpm,2026-S1,fabriquée,réelle,none
M4-CAL-014,EQ-FAN-304,2026-06-01T00:00:00Z,rpm,1504.07,rpm,2026-S1,réelle,réelle,none
M4-CAL-005,EQ-ROBOT-358,2026-06-01T00:00:00Z,current_a,23.87,A,2026-S1,réelle,réelle,none
M4-CAL-016,EQ-STEAM-352,2026-06-01T00:00:00Z,temperature_c,60.75,°C,2026-S1,réelle,réelle,none
M4-CAL-014,EQ-FAN-304,2026-06-01T06:00:00Z,rpm,1519.90,rpm,2026-S1,réelle,réelle,none
M4-CAL-005,EQ-ROBOT-358,2026-06-01T06:00:00Z,current_a,18.38,A,2026-S1,réelle,réelle,none
M4-CAL-016,EQ-STEAM-352,2026-06-01T06:00:00Z,temperature_c,62.96,°C,2026-S1,réelle,réelle,none
M4-CAL-014,EQ-FAN-304,2026-06-01T12:00:00Z,rpm,1563.49,rpm,2026-S1,réelle,réelle,none
M4-CAL-005,EQ-ROBOT-358,2026-06-01T12:00:00Z,current_a,21.29,A,2026-S1,réelle,réelle,none
M4-CAL-016,EQ-STEAM-352,2026-06-01T12:00:00Z,temperature_c,53.45,°C,2026-S1,réelle,réelle,none
M4-CAL-014,EQ-FAN-304,2026-06-01T18:00:00Z,rpm,1555.49,rpm,2026-S1,réelle,réelle,none
M4-CAL-005,EQ-ROBOT-358,2026-06-01T18:00:00Z,current_a,21.81,A,2026-S1,réelle,réelle,none
M4-CAL-016,EQ-STEAM-352,2026-06-01T18:00:00Z,temperature_c,56.58,°C,2026-S1,réelle,réelle,none
M4-CAL-014,EQ-FAN-304,2026-06-02T00:00:00Z,rpm,1502.24,rpm,2026-S1,réelle,réelle,none
M4-CAL-005,EQ-ROBOT-358,2026-06-02T00:00:00Z,current_a,22.19,A,2026-S1,réelle,réelle,none
M4-CAL-016,EQ-STEAM-352,2026-06-02T00:00:00Z,temperature_c,62.02,°C,2026-S1,réelle,réelle,none
M4-CAL-014,EQ-FAN-304,2026-06-02T06:00:00Z,rpm,1520.52,rpm,2026-S1,réelle,réelle,none
M4-CAL-005,EQ-ROBOT-358,2026-06-02T06:00:00Z,current_a,19.93,A,2026-S1,réelle,réelle,none
M4-CAL-016,EQ-STEAM-352,2026-06-02T06:00:00Z,temperature_c,64.69,°C,2026-S1,réelle,réelle,none
M4-CAL-014,EQ-FAN-304,2026-06-02T12:00:00Z,rpm,1604.98,rpm,2026-S1,réelle,réelle,none
M4-CAL-005,EQ-ROBOT-358,2026-06-02T12:00:00Z,current_a,20.29,A,2026-S1,réelle,réelle,none
M4-CAL-016,EQ-STEAM-352,2026-06-02T12:00:00Z,temperature_c,55.33,°C,2026-S1,réelle,réelle,none
M4-CAL-014,EQ-FAN-304,2026-06-02T18:00:00Z,rpm,1559.26,rpm,2026-S1,réelle,réelle,none
M4-CAL-005,EQ-ROBOT-358,2026-06-02T18:00:00Z,current_a,20.52,A,2026-S1,réelle,réelle,none
M4-CAL-016,EQ-STEAM-352,2026-06-02T18:00:00Z,temperature_c,59.11,°C,2026-S1,réelle,réelle,none
M4-CAL-014,EQ-FAN-304,2026-06-03T00:00:00Z,rpm,1478.90,rpm,2026-S1,réelle,réelle,none
M4-CAL-005,EQ-ROBOT-358,2026-06-03T00:00:00Z,current_a,23.44,A,2026-S1,réelle,réelle,none
M4-CAL-016,EQ-STEAM-352,2026-06-03T00:00:00Z,temperature_c,64.49,°C,2026-S1,réelle,réelle,none
M4-CAL-014,EQ-FAN-304,2026-06-03T06:00:00Z,rpm,1485.99,rpm,2026-S1,réelle,réelle,none
M4-CAL-005,EQ-ROBOT-358,2026-06-03T06:00:00Z,current_a,18.81,A,2026-S1,réelle,réelle,none
M4-CAL-016,EQ-STEAM-352,2026-06-03T06:00:00Z,temperature_c,65.92,°C,2026-S1,réelle,réelle,none
M4-CAL-014,EQ-FAN-304,2026-06-03T12:00:00Z,rpm,1546.52,rpm,2026-S1,réelle,réelle,none
M4-CAL-005,EQ-ROBOT-358,2026-06-03T12:00:00Z,current_a,20.44,A,2026-S1,réelle,réelle,none
M4-CAL-016,EQ-STEAM-352,2026-06-03T12:00:00Z,temperature_c,64.85,°C,2026-S1,réelle,réelle,none
M4-CAL-014,EQ-FAN-304,2026-06-03T18:00:00Z,rpm,1586.09,rpm,2026-S1,réelle,réelle,none
M4-CAL-005,EQ-ROBOT-358,2026-06-03T18:00:00Z,current_a,21.20,A,2026-S1,réelle,réelle,none
M4-CAL-016,EQ-STEAM-352,2026-06-03T18:00:00Z,temperature_c,61.52,°C,2026-S1,réelle,réelle,none
M4-CAL-014,EQ-FAN-304,2026-06-04T00:00:00Z,rpm,1470.10,rpm,2026-S1,réelle,réelle,none
M4-CAL-005,EQ-ROBOT-358,2026-06-04T00:00:00Z,current_a,22.19,A,2026-S1,réelle,réelle,none
M4-CAL-016,EQ-STEAM-352,2026-06-04T00:00:00Z,temperature_c,68.67,°C,2026-S1,réelle,réelle,none
M4-CAL-014,EQ-FAN-304,2026-06-04T06:00:00Z,rpm,1534.65,rpm,2026-S1,réelle,réelle,none
M4-CAL-005,EQ-ROBOT-358,2026-06-04T06:00:00Z,current_a,20.45,A,2026-S1,réelle,réelle,none
M4-CAL-016,EQ-STEAM-352,2026-06-04T06:00:00Z,temperature_c,66.81,°C,2026-S1,réelle,réelle,none
M4-CAL-014,EQ-FAN-304,2026-06-04T12:00:00Z,rpm,1610.34,rpm,2026-S1,réelle,réelle,none
M4-CAL-005,EQ-ROBOT-358,2026-06-04T12:00:00Z,current_a,19.39,A,2026-S1,réelle,réelle,none
M4-CAL-016,EQ-STEAM-352,2026-06-04T12:00:00Z,temperature_c,57.45,°C,2026-S1,réelle,réelle,none
M4-CAL-014,EQ-FAN-304,2026-06-04T18:00:00Z,rpm,1562.32,rpm,2026-S1,réelle,réelle,none
M4-CAL-005,EQ-ROBOT-358,2026-06-04T18:00:00Z,current_a,23.09,A,2026-S1,réelle,réelle,none
M4-CAL-016,EQ-STEAM-352,2026-06-04T18:00:00Z,temperature_c,60.34,°C,2026-S1,réelle,réelle,none
M4-CAL-014,EQ-FAN-304,2026-06-05T00:00:00Z,rpm,1523.24,rpm,2026-S1,réelle,réelle,none
M4-CAL-005,EQ-ROBOT-358,2026-06-05T00:00:00Z,current_a,22.61,A,2026-S1,réelle,réelle,none
M4-CAL-016,EQ-STEAM-352,2026-06-05T00:00:00Z,temperature_c,64.62,°C,2026-S1,réelle,réelle,none
M4-CAL-014,EQ-FAN-304,2026-06-05T06:00:00Z,rpm,1532.62,rpm,2026-S1,réelle,réelle,none
M4-CAL-005,EQ-ROBOT-358,2026-06-05T06:00:00Z,current_a,20.46,A,2026-S1,réelle,réelle,none
M4-CAL-016,EQ-STEAM-352,2026-06-05T06:00:00Z,temperature_c,61.48,°C,2026-S1,réelle,réelle,none
M4-CAL-014,EQ-FAN-304,2026-06-05T12:00:00Z,rpm,1541.18,rpm,2026-S1,réelle,réelle,none
M4-CAL-005,EQ-ROBOT-358,2026-06-05T12:00:00Z,current_a,20.21,A,2026-S1,réelle,réelle,none
M4-CAL-016,EQ-STEAM-352,2026-06-05T12:00:00Z,temperature_c,61.03,°C,2026-S1,réelle,réelle,none
M4-CAL-014,EQ-FAN-304,2026-06-05T18:00:00Z,rpm,1569.22,rpm,2026-S1,réelle,réelle,none
M4-CAL-005,EQ-ROBOT-358,2026-06-05T18:00:00Z,current_a,22.21,A,2026-S1,réelle,réelle,none
M4-CAL-016,EQ-STEAM-352,2026-06-05T18:00:00Z,temperature_c,55.50,°C,2026-S1,réelle,réelle,none
M4-CAL-014,EQ-FAN-304,2026-06-06T00:00:00Z,rpm,1498.42,rpm,2026-S1,réelle,réelle,none
M4-CAL-005,EQ-ROBOT-358,2026-06-06T00:00:00Z,current_a,19.74,A,2026-S1,réelle,réelle,none
M4-CAL-016,EQ-STEAM-352,2026-06-06T00:00:00Z,temperature_c,60.05,°C,2026-S1,réelle,réelle,none
M4-CAL-014,EQ-FAN-304,2026-06-06T06:00:00Z,rpm,1485.71,rpm,2026-S1,réelle,réelle,none
M4-CAL-005,EQ-ROBOT-358,2026-06-06T06:00:00Z,current_a,19.05,A,2026-S1,réelle,réelle,none
M4-CAL-016,EQ-STEAM-352,2026-06-06T06:00:00Z,temperature_c,62.12,°C,2026-S1,réelle,réelle,none
M4-CAL-014,EQ-FAN-304,2026-06-06T12:00:00Z,rpm,1547.04,rpm,2026-S1,réelle,réelle,none
M4-CAL-005,EQ-ROBOT-358,2026-06-06T12:00:00Z,current_a,18.40,A,2026-S1,réelle,réelle,none
M4-CAL-016,EQ-STEAM-352,2026-06-06T12:00:00Z,temperature_c,53.94,°C,2026-S1,réelle,réelle,none
M4-CAL-014,EQ-FAN-304,2026-06-06T18:00:00Z,rpm,1558.97,rpm,2026-S1,réelle,réelle,none
M4-CAL-005,EQ-ROBOT-358,2026-06-06T18:00:00Z,current_a,20.53,A,2026-S1,réelle,réelle,none
M4-CAL-016,EQ-STEAM-352,2026-06-06T18:00:00Z,temperature_c,54.47,°C,2026-S1,réelle,réelle,none
M4-CAL-014,EQ-FAN-304,2026-06-07T00:00:00Z,rpm,1464.33,rpm,2026-S1,réelle,réelle,none
M4-CAL-005,EQ-ROBOT-358,2026-06-07T00:00:00Z,current_a,22.52,A,2026-S1,réelle,réelle,none
M4-CAL-016,EQ-STEAM-352,2026-06-07T00:00:00Z,temperature_c,62.25,°C,2026-S1,réelle,réelle,none
M4-CAL-014,EQ-FAN-304,2026-06-07T06:00:00Z,rpm,1457.52,rpm,2026-S1,réelle,réelle,none
M4-CAL-005,EQ-ROBOT-358,2026-06-07T06:00:00Z,current_a,18.28,A,2026-S1,réelle,réelle,none
M4-CAL-016,EQ-STEAM-352,2026-06-07T06:00:00Z,temperature_c,62.24,°C,2026-S1,réelle,réelle,none
M4-CAL-014,EQ-FAN-304,2026-06-07T12:00:00Z,rpm,1543.12,rpm,2026-S1,réelle,réelle,none
M4-CAL-005,EQ-ROBOT-358,2026-06-07T12:00:00Z,current_a,16.53,A,2026-S1,réelle,réelle,none
M4-CAL-016,EQ-STEAM-352,2026-06-07T12:00:00Z,temperature_c,55.84,°C,2026-S1,réelle,réelle,none
M4-CAL-014,EQ-FAN-304,2026-06-07T18:00:00Z,rpm,1553.00,rpm,2026-S1,réelle,réelle,none
M4-CAL-005,EQ-ROBOT-358,2026-06-07T18:00:00Z,current_a,22.20,A,2026-S1,réelle,réelle,none
M4-CAL-016,EQ-STEAM-352,2026-06-07T18:00:00Z,temperature_c,52.91,°C,2026-S1,réelle,réelle,none
M4-CAL-014,EQ-FAN-304,2026-06-08T00:00:00Z,rpm,1490.18,rpm,2026-S1,réelle,réelle,none
M4-CAL-005,EQ-ROBOT-358,2026-06-08T00:00:00Z,current_a,21.38,A,2026-S1,réelle,réelle,none
M4-CAL-016,EQ-STEAM-352,2026-06-08T00:00:00Z,temperature_c,65.14,°C,2026-S1,réelle,réelle,none
M4-CAL-014,EQ-FAN-304,2026-06-08T06:00:00Z,rpm,1504.30,rpm,2026-S1,réelle,réelle,none
M4-CAL-005,EQ-ROBOT-358,2026-06-08T06:00:00Z,current_a,19.06,A,2026-S1,réelle,réelle,none
M4-CAL-016,EQ-STEAM-352,2026-06-08T06:00:00Z,temperature_c,62.79,°C,2026-S1,réelle,réelle,none
M4-CAL-021,EQ-PUMP-006,2026-06-08T12:00:00Z,vibration_mm_s,2.66,m/s,2026-S1,fabriquée,fabriquée,M3-UNIT
M4-CAL-021,EQ-PUMP-006,2026-06-08T18:00:00Z,vibration_mm_s,3.30,m/s,2026-S1,fabriquée,fabriquée,M3-UNIT
M4-CAL-021,EQ-PUMP-006,2026-06-09T00:00:00Z,vibration_mm_s,3.32,m/s,2026-S1,fabriquée,fabriquée,M3-UNIT
M4-CAL-021,EQ-PUMP-006,2026-06-09T06:00:00Z,vibration_mm_s,2.56,m/s,2026-S1,fabriquée,fabriquée,M3-UNIT
M4-CAL-021,EQ-PUMP-006,2026-06-09T12:00:00Z,vibration_mm_s,2.80,m/s,2026-S1,fabriquée,fabriquée,M3-UNIT
M4-CAL-021,EQ-PUMP-006,2026-06-09T18:00:00Z,vibration_mm_s,3.58,m/s,2026-S1,fabriquée,fabriquée,M3-UNIT
M4-CAL-021,EQ-PUMP-006,2026-06-10T00:00:00Z,vibration_mm_s,2.80,m/s,2026-S1,fabriquée,fabriquée,M3-UNIT
M4-CAL-021,EQ-PUMP-006,2026-06-10T06:00:00Z,vibration_mm_s,3.20,m/s,2026-S1,fabriquée,fabriquée,M3-UNIT
M4-CAL-021,EQ-PUMP-006,2026-06-10T12:00:00Z,vibration_mm_s,2.42,m/s,2026-S1,fabriquée,fabriquée,M3-UNIT
M4-CAL-021,EQ-PUMP-006,2026-06-10T18:00:00Z,vibration_mm_s,3.89,m/s,2026-S1,fabriquée,fabriquée,M3-UNIT
M4-CAL-021,EQ-PUMP-006,2026-06-11T00:00:00Z,vibration_mm_s,3.01,m/s,2026-S1,fabriquée,fabriquée,M3-UNIT
M4-CAL-021,EQ-PUMP-006,2026-06-11T06:00:00Z,vibration_mm_s,3.05,m/s,2026-S1,fabriquée,fabriquée,M3-UNIT
M4-CAL-021,EQ-PUMP-006,2026-06-11T12:00:00Z,vibration_mm_s,2.94,m/s,2026-S1,fabriquée,fabriquée,M3-UNIT
M4-CAL-021,EQ-PUMP-006,2026-06-11T18:00:00Z,vibration_mm_s,3.32,m/s,2026-S1,fabriquée,fabriquée,M3-UNIT
M4-CAL-021,EQ-PUMP-006,2026-06-12T00:00:00Z,vibration_mm_s,3.36,m/s,2026-S1,fabriquée,fabriquée,M3-UNIT
M4-CAL-021,EQ-PUMP-006,2026-06-12T06:00:00Z,vibration_mm_s,2.84,m/s,2026-S1,fabriquée,fabriquée,M3-UNIT
M4-CAL-021,EQ-PUMP-006,2026-06-12T12:00:00Z,vibration_mm_s,2.95,m/s,2026-S1,fabriquée,fabriquée,M3-UNIT
M4-CAL-021,EQ-PUMP-006,2026-06-12T18:00:00Z,vibration_mm_s,3.46,m/s,2026-S1,fabriquée,fabriquée,M3-UNIT
M4-CAL-021,EQ-PUMP-006,2026-06-13T00:00:00Z,vibration_mm_s,3.43,m/s,2026-S1,fabriquée,fabriquée,M3-UNIT
M4-CAL-021,EQ-PUMP-006,2026-06-13T06:00:00Z,vibration_mm_s,3.07,m/s,2026-S1,fabriquée,fabriquée,M3-UNIT
M4-CAL-021,EQ-PUMP-006,2026-06-13T12:00:00Z,vibration_mm_s,2.41,m/s,2026-S1,fabriquée,fabriquée,M3-UNIT
M4-CAL-021,EQ-PUMP-006,2026-06-13T18:00:00Z,vibration_mm_s,3.32,m/s,2026-S1,fabriquée,fabriquée,M3-UNIT
M4-CAL-021,EQ-PUMP-006,2026-06-14T00:00:00Z,vibration_mm_s,3.06,m/s,2026-S1,fabriquée,fabriquée,M3-UNIT
M4-CAL-021,EQ-PUMP-006,2026-06-14T06:00:00Z,vibration_mm_s,3.06,m/s,2026-S1,fabriquée,fabriquée,M3-UNIT
M4-CAL-021,EQ-PUMP-006,2026-06-14T12:00:00Z,vibration_mm_s,2.55,m/s,2026-S1,fabriquée,fabriquée,M3-UNIT
M4-CAL-021,EQ-PUMP-006,2026-06-14T18:00:00Z,vibration_mm_s,3.44,m/s,2026-S1,fabriquée,fabriquée,M3-UNIT
M4-CAL-021,EQ-PUMP-006,2026-06-15T00:00:00Z,vibration_mm_s,3.84,m/s,2026-S1,fabriquée,fabriquée,M3-UNIT
M4-CAL-021,EQ-PUMP-006,2026-06-15T06:00:00Z,vibration_mm_s,2.99,m/s,2026-S1,fabriquée,fabriquée,M3-UNIT
M4-CAL-021,EQ-PUMP-006,2026-06-15T12:00:00Z,vibration_mm_s,2.87,m/s,2026-S1,fabriquée,fabriquée,M3-UNIT
M4-CAL-021,EQ-PUMP-006,2026-06-15T18:00:00Z,vibration_mm_s,3.16,m/s,2026-S1,fabriquée,fabriquée,M3-UNIT
M4-CAL-006,EQ-FAN-284,2026-06-16T00:00:00Z,vibration_mm_s,2.63,mm/s,2026-S1,réelle,réelle,none
M4-CAL-006,EQ-FAN-284,2026-06-16T06:00:00Z,vibration_mm_s,2.96,mm/s,2026-S1,réelle,réelle,none
M4-CAL-006,EQ-FAN-284,2026-06-16T12:00:00Z,vibration_mm_s,3.24,mm/s,2026-S1,réelle,réelle,none
M4-CAL-006,EQ-FAN-284,2026-06-16T18:00:00Z,vibration_mm_s,2.20,mm/s,2026-S1,réelle,réelle,none
M4-CAL-006,EQ-FAN-284,2026-06-17T00:00:00Z,vibration_mm_s,2.14,mm/s,2026-S1,réelle,réelle,none
M4-CAL-006,EQ-FAN-284,2026-06-17T06:00:00Z,vibration_mm_s,3.07,mm/s,2026-S1,réelle,réelle,none
M4-CAL-006,EQ-FAN-284,2026-06-17T12:00:00Z,vibration_mm_s,2.88,mm/s,2026-S1,réelle,réelle,none
M4-CAL-006,EQ-FAN-284,2026-06-17T18:00:00Z,vibration_mm_s,2.53,mm/s,2026-S1,réelle,réelle,none
M4-CAL-006,EQ-FAN-284,2026-06-18T00:00:00Z,vibration_mm_s,2.41,mm/s,2026-S1,réelle,réelle,none
M4-CAL-006,EQ-FAN-284,2026-06-18T06:00:00Z,vibration_mm_s,2.78,mm/s,2026-S1,réelle,réelle,none
M4-CAL-006,EQ-FAN-284,2026-06-18T12:00:00Z,vibration_mm_s,2.70,mm/s,2026-S1,réelle,réelle,none
M4-CAL-006,EQ-FAN-284,2026-06-18T18:00:00Z,vibration_mm_s,2.18,mm/s,2026-S1,réelle,réelle,none
M4-CAL-006,EQ-FAN-284,2026-06-19T00:00:00Z,vibration_mm_s,2.12,mm/s,2026-S1,réelle,réelle,none
M4-CAL-006,EQ-FAN-284,2026-06-19T06:00:00Z,vibration_mm_s,2.93,mm/s,2026-S1,réelle,réelle,none
M4-CAL-006,EQ-FAN-284,2026-06-19T12:00:00Z,vibration_mm_s,3.23,mm/s,2026-S1,réelle,réelle,none
M4-CAL-006,EQ-FAN-284,2026-06-19T18:00:00Z,vibration_mm_s,2.45,mm/s,2026-S1,réelle,réelle,none
M4-CAL-006,EQ-FAN-284,2026-06-20T00:00:00Z,vibration_mm_s,2.22,mm/s,2026-S1,réelle,réelle,none
M4-CAL-006,EQ-FAN-284,2026-06-20T06:00:00Z,vibration_mm_s,2.68,mm/s,2026-S1,réelle,réelle,none
M4-CAL-006,EQ-FAN-284,2026-06-20T12:00:00Z,vibration_mm_s,2.65,mm/s,2026-S1,réelle,réelle,none
M4-CAL-006,EQ-FAN-284,2026-06-20T18:00:00Z,vibration_mm_s,2.52,mm/s,2026-S1,réelle,réelle,none
M4-CAL-006,EQ-FAN-284,2026-06-21T00:00:00Z,vibration_mm_s,2.04,mm/s,2026-S1,réelle,réelle,none
M4-CAL-006,EQ-FAN-284,2026-06-21T06:00:00Z,vibration_mm_s,3.08,mm/s,2026-S1,réelle,réelle,none
M4-CAL-006,EQ-FAN-284,2026-06-21T12:00:00Z,vibration_mm_s,2.97,mm/s,2026-S1,réelle,réelle,none
M4-CAL-006,EQ-FAN-284,2026-06-21T18:00:00Z,vibration_mm_s,2.37,mm/s,2026-S1,réelle,réelle,none
M4-CAL-006,EQ-FAN-284,2026-06-22T00:00:00Z,vibration_mm_s,2.33,mm/s,2026-S1,réelle,réelle,none
M4-CAL-006,EQ-FAN-284,2026-06-22T06:00:00Z,vibration_mm_s,2.83,mm/s,2026-S1,réelle,réelle,none
M4-CAL-006,EQ-FAN-284,2026-06-22T12:00:00Z,vibration_mm_s,3.11,mm/s,2026-S1,réelle,réelle,none
M4-CAL-006,EQ-FAN-284,2026-06-22T18:00:00Z,vibration_mm_s,2.59,mm/s,2026-S1,réelle,réelle,none
M4-CAL-006,EQ-FAN-284,2026-06-23T00:00:00Z,vibration_mm_s,2.36,mm/s,2026-S1,réelle,réelle,none
M4-CAL-006,EQ-FAN-284,2026-06-23T06:00:00Z,vibration_mm_s,3.27,mm/s,2026-S1,réelle,réelle,none
M4-CAL-003,EQ-CHILL-001,2026-06-23T12:00:00Z,temperature_c,57.94,°C,2026-S1,réelle,réelle,none
M4-CAL-009,EQ-MIX-379,2026-06-23T12:00:00Z,vibration_mm_s,2.77,mm/s,2026-S1,réelle,réelle,none
M4-CAL-003,EQ-CHILL-001,2026-06-23T18:00:00Z,temperature_c,51.45,°C,2026-S1,réelle,réelle,none
M4-CAL-009,EQ-MIX-379,2026-06-23T18:00:00Z,vibration_mm_s,3.15,mm/s,2026-S1,réelle,réelle,none
M4-CAL-003,EQ-CHILL-001,2026-06-24T00:00:00Z,temperature_c,53.99,°C,2026-S1,réelle,réelle,none
M4-CAL-009,EQ-MIX-379,2026-06-24T00:00:00Z,vibration_mm_s,2.88,mm/s,2026-S1,réelle,réelle,none
M4-CAL-003,EQ-CHILL-001,2026-06-24T06:00:00Z,temperature_c,58.11,°C,2026-S1,réelle,réelle,none
M4-CAL-009,EQ-MIX-379,2026-06-24T06:00:00Z,vibration_mm_s,2.69,mm/s,2026-S1,réelle,réelle,none
M4-CAL-003,EQ-CHILL-001,2026-06-24T12:00:00Z,temperature_c,56.58,°C,2026-S1,réelle,réelle,none
M4-CAL-009,EQ-MIX-379,2026-06-24T12:00:00Z,vibration_mm_s,2.94,mm/s,2026-S1,réelle,réelle,none
M4-CAL-003,EQ-CHILL-001,2026-06-24T18:00:00Z,temperature_c,51.56,°C,2026-S1,réelle,réelle,none
M4-CAL-009,EQ-MIX-379,2026-06-24T18:00:00Z,vibration_mm_s,3.39,mm/s,2026-S1,réelle,réelle,none
M4-CAL-003,EQ-CHILL-001,2026-06-25T00:00:00Z,temperature_c,50.01,°C,2026-S1,réelle,réelle,none
M4-CAL-009,EQ-MIX-379,2026-06-25T00:00:00Z,vibration_mm_s,3.35,mm/s,2026-S1,réelle,réelle,none
M4-CAL-003,EQ-CHILL-001,2026-06-25T06:00:00Z,temperature_c,56.97,°C,2026-S1,réelle,réelle,none
M4-CAL-009,EQ-MIX-379,2026-06-25T06:00:00Z,vibration_mm_s,2.32,mm/s,2026-S1,réelle,réelle,none
M4-CAL-003,EQ-CHILL-001,2026-06-25T12:00:00Z,temperature_c,56.59,°C,2026-S1,réelle,réelle,none
M4-CAL-009,EQ-MIX-379,2026-06-25T12:00:00Z,vibration_mm_s,2.83,mm/s,2026-S1,réelle,réelle,none
M4-CAL-003,EQ-CHILL-001,2026-06-25T18:00:00Z,temperature_c,52.90,°C,2026-S1,réelle,réelle,none
M4-CAL-009,EQ-MIX-379,2026-06-25T18:00:00Z,vibration_mm_s,3.25,mm/s,2026-S1,réelle,réelle,none
M4-CAL-003,EQ-CHILL-001,2026-06-26T00:00:00Z,temperature_c,53.45,°C,2026-S1,réelle,réelle,none
M4-CAL-009,EQ-MIX-379,2026-06-26T00:00:00Z,vibration_mm_s,2.70,mm/s,2026-S1,réelle,réelle,none
M4-CAL-003,EQ-CHILL-001,2026-06-26T06:00:00Z,temperature_c,60.63,°C,2026-S1,réelle,réelle,none
M4-CAL-009,EQ-MIX-379,2026-06-26T06:00:00Z,vibration_mm_s,2.58,mm/s,2026-S1,réelle,réelle,none
M4-CAL-003,EQ-CHILL-001,2026-06-26T12:00:00Z,temperature_c,57.90,°C,2026-S1,réelle,réelle,none
M4-CAL-009,EQ-MIX-379,2026-06-26T12:00:00Z,vibration_mm_s,2.55,mm/s,2026-S1,réelle,réelle,none
M4-CAL-003,EQ-CHILL-001,2026-06-26T18:00:00Z,temperature_c,53.13,°C,2026-S1,réelle,réelle,none
M4-CAL-009,EQ-MIX-379,2026-06-26T18:00:00Z,vibration_mm_s,3.21,mm/s,2026-S1,réelle,réelle,none
M4-CAL-003,EQ-CHILL-001,2026-06-27T00:00:00Z,temperature_c,50.89,°C,2026-S1,réelle,réelle,none
M4-CAL-009,EQ-MIX-379,2026-06-27T00:00:00Z,vibration_mm_s,2.59,mm/s,2026-S1,réelle,réelle,none
M4-CAL-003,EQ-CHILL-001,2026-06-27T06:00:00Z,temperature_c,58.95,°C,2026-S1,réelle,réelle,none
M4-CAL-009,EQ-MIX-379,2026-06-27T06:00:00Z,vibration_mm_s,2.27,mm/s,2026-S1,réelle,réelle,none
M4-CAL-003,EQ-CHILL-001,2026-06-27T12:00:00Z,temperature_c,57.44,°C,2026-S1,réelle,réelle,none
M4-CAL-009,EQ-MIX-379,2026-06-27T12:00:00Z,vibration_mm_s,2.30,mm/s,2026-S1,réelle,réelle,none
M4-CAL-003,EQ-CHILL-001,2026-06-27T18:00:00Z,temperature_c,52.20,°C,2026-S1,réelle,réelle,none
M4-CAL-009,EQ-MIX-379,2026-06-27T18:00:00Z,vibration_mm_s,3.14,mm/s,2026-S1,réelle,réelle,none
M4-CAL-003,EQ-CHILL-001,2026-06-28T00:00:00Z,temperature_c,48.87,°C,2026-S1,réelle,réelle,none
M4-CAL-009,EQ-MIX-379,2026-06-28T00:00:00Z,vibration_mm_s,2.55,mm/s,2026-S1,réelle,réelle,none
M4-CAL-003,EQ-CHILL-001,2026-06-28T06:00:00Z,temperature_c,55.96,°C,2026-S1,réelle,réelle,none
M4-CAL-009,EQ-MIX-379,2026-06-28T06:00:00Z,vibration_mm_s,2.56,mm/s,2026-S1,réelle,réelle,none
M4-CAL-003,EQ-CHILL-001,2026-06-28T12:00:00Z,temperature_c,55.36,°C,2026-S1,réelle,réelle,none
M4-CAL-009,EQ-MIX-379,2026-06-28T12:00:00Z,vibration_mm_s,2.46,mm/s,2026-S1,réelle,réelle,none
M4-CAL-003,EQ-CHILL-001,2026-06-28T18:00:00Z,temperature_c,49.15,°C,2026-S1,réelle,réelle,none
M4-CAL-009,EQ-MIX-379,2026-06-28T18:00:00Z,vibration_mm_s,3.27,mm/s,2026-S1,réelle,réelle,none
M4-CAL-003,EQ-CHILL-001,2026-06-29T00:00:00Z,temperature_c,52.13,°C,2026-S1,réelle,réelle,none
M4-CAL-009,EQ-MIX-379,2026-06-29T00:00:00Z,vibration_mm_s,3.28,mm/s,2026-S1,réelle,réelle,none
M4-CAL-003,EQ-CHILL-001,2026-06-29T06:00:00Z,temperature_c,56.90,°C,2026-S1,réelle,réelle,none
M4-CAL-009,EQ-MIX-379,2026-06-29T06:00:00Z,vibration_mm_s,2.34,mm/s,2026-S1,réelle,réelle,none
M4-CAL-003,EQ-CHILL-001,2026-06-29T12:00:00Z,temperature_c,58.74,°C,2026-S1,réelle,réelle,none
M4-CAL-009,EQ-MIX-379,2026-06-29T12:00:00Z,vibration_mm_s,2.69,mm/s,2026-S1,réelle,réelle,none
M4-CAL-003,EQ-CHILL-001,2026-06-29T18:00:00Z,temperature_c,52.35,°C,2026-S1,réelle,réelle,none
M4-CAL-009,EQ-MIX-379,2026-06-29T18:00:00Z,vibration_mm_s,3.31,mm/s,2026-S1,réelle,réelle,none
M4-CAL-003,EQ-CHILL-001,2026-06-30T00:00:00Z,temperature_c,52.10,°C,2026-S1,réelle,réelle,none
M4-CAL-009,EQ-MIX-379,2026-06-30T00:00:00Z,vibration_mm_s,3.13,mm/s,2026-S1,réelle,réelle,none
M4-CAL-003,EQ-CHILL-001,2026-06-30T06:00:00Z,temperature_c,56.36,°C,2026-S1,réelle,réelle,none
M4-CAL-009,EQ-MIX-379,2026-06-30T06:00:00Z,vibration_mm_s,2.62,mm/s,2026-S1,réelle,réelle,none
M4-CAL-003,EQ-CHILL-001,2026-06-30T12:00:00Z,temperature_c,60.48,°C,2026-S1,réelle,réelle,none
M4-CAL-009,EQ-MIX-379,2026-06-30T12:00:00Z,vibration_mm_s,2.90,mm/s,2026-S1,réelle,réelle,none
M4-CAL-003,EQ-CHILL-001,2026-06-30T18:00:00Z,temperature_c,53.05,°C,2026-S1,réelle,réelle,none
M4-CAL-009,EQ-MIX-379,2026-06-30T18:00:00Z,vibration_mm_s,3.41,mm/s,2026-S1,réelle,réelle,none
