equipment_id,timestamp,sensor_name,value,unit,period,provenance
EQ-CONV-336,2026-01-09T12:00:00Z,current_a,25.96,A,2026-S1,fabriquée
EQ-CONV-336,2026-01-09T18:00:00Z,current_a,22.55,A,2026-S1,fabriquée
EQ-CONV-336,2026-01-10T00:00:00Z,current_a,21.24,A,2026-S1,fabriquée
EQ-CONV-336,2026-01-10T06:00:00Z,current_a,22.38,A,2026-S1,fabriquée
EQ-CONV-336,2026-01-10T12:00:00Z,current_a,26.02,A,2026-S1,fabriquée
EQ-CONV-336,2026-01-10T18:00:00Z,current_a,23.39,A,2026-S1,fabriquée
EQ-CONV-336,2026-01-11T00:00:00Z,current_a,21.25,A,2026-S1,fabriquée
EQ-CONV-336,2026-01-11T06:00:00Z,current_a,22.34,A,2026-S1,fabriquée
EQ-CONV-336,2026-01-11T12:00:00Z,current_a,26.68,A,2026-S1,fabriquée
EQ-CONV-336,2026-01-11T18:00:00Z,current_a,22.25,A,2026-S1,fabriquée
EQ-CONV-336,2026-01-12T00:00:00Z,current_a,22.22,A,2026-S1,fabriquée
EQ-CONV-336,2026-01-12T06:00:00Z,current_a,22.32,A,2026-S1,fabriquée
EQ-CONV-336,2026-01-12T12:00:00Z,current_a,24.50,A,2026-S1,fabriquée
EQ-CONV-336,2026-01-12T18:00:00Z,current_a,22.52,A,2026-S1,fabriquée
EQ-CONV-336,2026-01-13T00:00:00Z,current_a,20.26,A,2026-S1,fabriquée
EQ-CONV-336,2026-01-13T06:00:00Z,current_a,21.91,A,2026-S1,fabriquée
EQ-CONV-336,2026-01-13T12:00:00Z,current_a,23.89,A,2026-S1,fabriquée
EQ-CONV-336,2026-01-13T18:00:00Z,current_a,24.06,A,2026-S1,fabriquée
EQ-CONV-336,2026-01-14T00:00:00Z,current_a,20.12,A,2026-S1,fabriquée
EQ-CONV-336,2026-01-14T06:00:00Z,current_a,24.43,A,2026-S1,fabriquée
EQ-CONV-336,2026-01-14T12:00:00Z,current_a,24.28,A,2026-S1,fabriquée
EQ-CONV-336,2026-01-14T18:00:00Z,current_a,21.69,A,2026-S1,fabriquée
EQ-CONV-336,2026-01-15T00:00:00Z,current_a,20.43,A,2026-S1,fabriquée
EQ-CONV-336,2026-01-15T06:00:00Z,current_a,22.04,A,2026-S1,fabriquée
EQ-CONV-336,2026-01-15T12:00:00Z,current_a,24.53,A,2026-S1,fabriquée
EQ-CONV-336,2026-01-15T18:00:00Z,current_a,22.54,A,2026-S1,fabriquée
EQ-CONV-336,2026-01-16T00:00:00Z,current_a,18.71,A,2026-S1,fabriquée
EQ-CONV-336,2026-01-16T06:00:00Z,current_a,23.32,A,2026-S1,fabriquée
EQ-CONV-336,2026-01-16T12:00:00Z,current_a,23.59,A,2026-S1,fabriquée
EQ-CONV-336,2026-01-16T18:00:00Z,current_a,22.00,A,2026-S1,fabriquée
EQ-MIX-379,2026-01-17T00:00:00Z,vibration_mm_s,3.07,mm/s,2026-S1,réelle
EQ-MIX-379,2026-01-17T06:00:00Z,vibration_mm_s,2.02,mm/s,2026-S1,réelle
EQ-MIX-379,2026-01-17T12:00:00Z,vibration_mm_s,2.49,mm/s,2026-S1,réelle
EQ-MIX-379,2026-01-17T18:00:00Z,vibration_mm_s,3.26,mm/s,2026-S1,réelle
EQ-MIX-379,2026-01-18T00:00:00Z,vibration_mm_s,2.27,mm/s,2026-S1,réelle
EQ-MIX-379,2026-01-18T06:00:00Z,vibration_mm_s,2.28,mm/s,2026-S1,réelle
EQ-MIX-379,2026-01-18T12:00:00Z,vibration_mm_s,2.54,mm/s,2026-S1,réelle
EQ-MIX-379,2026-01-18T18:00:00Z,vibration_mm_s,3.41,mm/s,2026-S1,réelle
EQ-MIX-379,2026-01-19T00:00:00Z,vibration_mm_s,2.95,mm/s,2026-S1,réelle
EQ-MIX-379,2026-01-19T06:00:00Z,vibration_mm_s,2.47,mm/s,2026-S1,réelle
EQ-MIX-379,2026-01-19T12:00:00Z,vibration_mm_s,3.06,mm/s,2026-S1,réelle
EQ-MIX-379,2026-01-19T18:00:00Z,vibration_mm_s,3.41,mm/s,2026-S1,réelle
EQ-MIX-379,2026-01-20T00:00:00Z,vibration_mm_s,3.01,mm/s,2026-S1,réelle
EQ-MIX-379,2026-01-20T06:00:00Z,vibration_mm_s,2.80,mm/s,2026-S1,réelle
EQ-MIX-379,2026-01-20T12:00:00Z,vibration_mm_s,2.89,mm/s,2026-S1,réelle
EQ-MIX-379,2026-01-20T18:00:00Z,vibration_mm_s,3.30,mm/s,2026-S1,réelle
EQ-MIX-379,2026-01-21T00:00:00Z,vibration_mm_s,3.10,mm/s,2026-S1,réelle
EQ-MIX-379,2026-01-21T06:00:00Z,vibration_mm_s,2.60,mm/s,2026-S1,réelle
EQ-MIX-379,2026-01-21T12:00:00Z,vibration_mm_s,2.82,mm/s,2026-S1,réelle
EQ-MIX-379,2026-01-21T18:00:00Z,vibration_mm_s,3.35,mm/s,2026-S1,réelle
EQ-MIX-379,2026-01-22T00:00:00Z,vibration_mm_s,3.04,mm/s,2026-S1,réelle
EQ-MIX-379,2026-01-22T06:00:00Z,vibration_mm_s,2.58,mm/s,2026-S1,réelle
EQ-MIX-379,2026-01-22T12:00:00Z,vibration_mm_s,2.63,mm/s,2026-S1,réelle
EQ-MIX-379,2026-01-22T18:00:00Z,vibration_mm_s,3.38,mm/s,2026-S1,réelle
EQ-MIX-379,2026-01-23T00:00:00Z,vibration_mm_s,2.87,mm/s,2026-S1,réelle
EQ-MIX-379,2026-01-23T06:00:00Z,vibration_mm_s,2.76,mm/s,2026-S1,réelle
EQ-MIX-379,2026-01-23T12:00:00Z,vibration_mm_s,3.41,mm/s,2026-S1,réelle
EQ-MIX-379,2026-01-23T18:00:00Z,vibration_mm_s,3.07,mm/s,2026-S1,réelle
EQ-MIX-379,2026-01-24T00:00:00Z,vibration_mm_s,2.90,mm/s,2026-S1,réelle
EQ-MIX-379,2026-01-24T06:00:00Z,vibration_mm_s,2.70,mm/s,2026-S1,réelle
EQ-COMP-233,2026-02-01 00:00:00,temperature_c,60.51,°C,2026-S1,réelle
EQ-COMP-233,2026-02-01 06:00:00,temperature_c,57.94,°C,2026-S1,réelle
EQ-COMP-233,2026-02-01 12:00:00,temperature_c,54.01,°C,2026-S1,réelle
EQ-COMP-233,2026-02-01 18:00:00,temperature_c,59.28,°C,2026-S1,réelle
EQ-COMP-233,2026-02-02 00:00:00,temperature_c,64.68,°C,2026-S1,réelle
EQ-COMP-233,2026-02-02 06:00:00,temperature_c,58.78,°C,2026-S1,réelle
EQ-COMP-233,2026-02-02 12:00:00,temperature_c,53.62,°C,2026-S1,réelle
EQ-COMP-233,2026-02-02 18:00:00,temperature_c,60.67,°C,2026-S1,réelle
EQ-COMP-233,2026-02-03 00:00:00,temperature_c,65.70,°C,2026-S1,réelle
EQ-COMP-233,2026-02-03 06:00:00,temperature_c,58.59,°C,2026-S1,réelle
EQ-COMP-233,2026-02-03 12:00:00,temperature_c,58.84,°C,2026-S1,réelle
EQ-COMP-233,2026-02-03 18:00:00,temperature_c,59.35,°C,2026-S1,réelle
EQ-COMP-233,2026-02-04 00:00:00,temperature_c,64.73,°C,2026-S1,réelle
EQ-COMP-233,2026-02-04 06:00:00,temperature_c,60.25,°C,2026-S1,réelle
EQ-COMP-233,2026-02-04 12:00:00,temperature_c,55.79,°C,2026-S1,réelle
EQ-COMP-233,2026-02-04 18:00:00,temperature_c,60.20,°C,2026-S1,réelle
EQ-COMP-233,2026-02-05 00:00:00,temperature_c,62.89,°C,2026-S1,réelle
EQ-COMP-233,2026-02-05 06:00:00,temperature_c,59.09,°C,2026-S1,réelle
EQ-COMP-233,2026-02-05 12:00:00,temperature_c,55.40,°C,2026-S1,réelle
EQ-COMP-233,2026-02-05 18:00:00,temperature_c,58.17,°C,2026-S1,réelle
EQ-COMP-233,2026-02-06 00:00:00,temperature_c,64.18,°C,2026-S1,réelle
EQ-COMP-233,2026-02-06 06:00:00,temperature_c,60.64,°C,2026-S1,réelle
EQ-COMP-233,2026-02-06 12:00:00,temperature_c,56.33,°C,2026-S1,réelle
EQ-COMP-233,2026-02-06 18:00:00,temperature_c,59.18,°C,2026-S1,réelle
EQ-COMP-233,2026-02-07 00:00:00,temperature_c,62.20,°C,2026-S1,réelle
EQ-COMP-233,2026-02-07 06:00:00,temperature_c,58.76,°C,2026-S1,réelle
EQ-COMP-233,2026-02-07 12:00:00,temperature_c,50.37,°C,2026-S1,réelle
EQ-COMP-233,2026-02-07 18:00:00,temperature_c,57.67,°C,2026-S1,réelle
EQ-COMP-233,2026-02-08 00:00:00,temperature_c,62.52,°C,2026-S1,réelle
EQ-COMP-233,2026-02-08 06:00:00,temperature_c,57.87,°C,2026-S1,réelle
EQ-OVEN-386,2026-02-16T00:00:00Z,temperature_c,63.04,°C,2026-S1,fabriquée
EQ-PUMP-171,2026-02-16T00:00:00Z,vibration_mm_s,2.32,m/s,2026-S1,fabriquée
EQ-OVEN-386,2026-02-16T06:00:00Z,temperature_c,64.74,°C,2026-S1,fabriquée
EQ-PUMP-171,2026-02-16T06:00:00Z,vibration_mm_s,2.73,m/s,2026-S1,fabriquée
EQ-OVEN-386,2026-02-16T12:00:00Z,temperature_c,65.77,°C,2026-S1,fabriquée
EQ-PUMP-171,2026-02-16T12:00:00Z,vibration_mm_s,3.07,m/s,2026-S1,fabriquée
EQ-OVEN-386,2026-02-16T18:00:00Z,temperature_c,58.54,°C,2026-S1,fabriquée
EQ-PUMP-171,2026-02-16T18:00:00Z,vibration_mm_s,3.25,m/s,2026-S1,fabriquée
EQ-OVEN-386,2026-02-17T00:00:00Z,temperature_c,57.47,°C,2026-S1,fabriquée
EQ-PUMP-171,2026-02-17T00:00:00Z,vibration_mm_s,3.02,m/s,2026-S1,fabriquée
EQ-OVEN-386,2026-02-17T06:00:00Z,temperature_c,64.02,°C,2026-S1,fabriquée
EQ-PUMP-171,2026-02-17T06:00:00Z,vibration_mm_s,2.40,m/s,2026-S1,fabriquée
EQ-OVEN-386,2026-02-17T12:00:00Z,temperature_c,59.63,°C,2026-S1,fabriquée
EQ-PUMP-171,2026-02-17T12:00:00Z,vibration_mm_s,3.33,m/s,2026-S1,fabriquée
EQ-OVEN-386,2026-02-17T18:00:00Z,temperature_c,62.29,°C,2026-S1,fabriquée
EQ-PUMP-171,2026-02-17T18:00:00Z,vibration_mm_s,3.54,m/s,2026-S1,fabriquée
EQ-OVEN-386,2026-02-18T00:00:00Z,temperature_c,67.61,°C,2026-S1,fabriquée
EQ-PUMP-171,2026-02-18T00:00:00Z,vibration_mm_s,2.82,m/s,2026-S1,fabriquée
EQ-OVEN-386,2026-02-18T06:00:00Z,temperature_c,64.96,°C,2026-S1,fabriquée
EQ-PUMP-171,2026-02-18T06:00:00Z,vibration_mm_s,2.58,m/s,2026-S1,fabriquée
EQ-OVEN-386,2026-02-18T12:00:00Z,temperature_c,67.02,°C,2026-S1,fabriquée
EQ-PUMP-171,2026-02-18T12:00:00Z,vibration_mm_s,2.95,m/s,2026-S1,fabriquée
EQ-OVEN-386,2026-02-18T18:00:00Z,temperature_c,57.21,°C,2026-S1,fabriquée
EQ-PUMP-171,2026-02-18T18:00:00Z,vibration_mm_s,3.14,m/s,2026-S1,fabriquée
EQ-OVEN-386,2026-02-19T00:00:00Z,temperature_c,62.05,°C,2026-S1,fabriquée
EQ-PUMP-171,2026-02-19T00:00:00Z,vibration_mm_s,2.98,m/s,2026-S1,fabriquée
EQ-OVEN-386,2026-02-19T06:00:00Z,temperature_c,64.03,°C,2026-S1,fabriquée
EQ-PUMP-171,2026-02-19T06:00:00Z,vibration_mm_s,2.45,m/s,2026-S1,fabriquée
EQ-OVEN-386,2026-02-19T12:00:00Z,temperature_c,63.18,°C,2026-S1,fabriquée
EQ-PUMP-171,2026-02-19T12:00:00Z,vibration_mm_s,3.20,m/s,2026-S1,fabriquée
EQ-OVEN-386,2026-02-19T18:00:00Z,temperature_c,65.10,°C,2026-S1,fabriquée
EQ-PUMP-171,2026-02-19T18:00:00Z,vibration_mm_s,3.19,m/s,2026-S1,fabriquée
EQ-OVEN-386,2026-02-20T00:00:00Z,temperature_c,62.91,°C,2026-S1,fabriquée
EQ-PUMP-171,2026-02-20T00:00:00Z,vibration_mm_s,2.30,m/s,2026-S1,fabriquée
EQ-OVEN-386,2026-02-20T06:00:00Z,temperature_c,59.14,°C,2026-S1,fabriquée
EQ-PUMP-171,2026-02-20T06:00:00Z,vibration_mm_s,2.44,m/s,2026-S1,fabriquée
EQ-OVEN-386,2026-02-20T12:00:00Z,temperature_c,62.87,°C,2026-S1,fabriquée
EQ-PUMP-171,2026-02-20T12:00:00Z,vibration_mm_s,3.13,m/s,2026-S1,fabriquée
EQ-OVEN-386,2026-02-20T18:00:00Z,temperature_c,64.10,°C,2026-S1,fabriquée
EQ-PUMP-171,2026-02-20T18:00:00Z,vibration_mm_s,3.68,m/s,2026-S1,fabriquée
EQ-OVEN-386,2026-02-21T00:00:00Z,temperature_c,63.97,°C,2026-S1,fabriquée
EQ-PUMP-171,2026-02-21T00:00:00Z,vibration_mm_s,2.86,m/s,2026-S1,fabriquée
EQ-OVEN-386,2026-02-21T06:00:00Z,temperature_c,58.67,°C,2026-S1,fabriquée
EQ-PUMP-171,2026-02-21T06:00:00Z,vibration_mm_s,2.36,m/s,2026-S1,fabriquée
EQ-OVEN-386,2026-02-21T12:00:00Z,temperature_c,60.74,°C,2026-S1,fabriquée
EQ-PUMP-171,2026-02-21T12:00:00Z,vibration_mm_s,3.18,m/s,2026-S1,fabriquée
EQ-OVEN-386,2026-02-21T18:00:00Z,temperature_c,58.71,°C,2026-S1,fabriquée
EQ-PUMP-171,2026-02-21T18:00:00Z,vibration_mm_s,3.04,m/s,2026-S1,fabriquée
EQ-OVEN-386,2026-02-22T00:00:00Z,temperature_c,65.99,°C,2026-S1,fabriquée
EQ-PUMP-171,2026-02-22T00:00:00Z,vibration_mm_s,2.77,m/s,2026-S1,fabriquée
EQ-OVEN-386,2026-02-22T06:00:00Z,temperature_c,64.03,°C,2026-S1,fabriquée
EQ-PUMP-171,2026-02-22T06:00:00Z,vibration_mm_s,2.62,m/s,2026-S1,fabriquée
EQ-OVEN-386,2026-02-22T12:00:00Z,temperature_c,66.76,°C,2026-S1,fabriquée
EQ-PUMP-171,2026-02-22T12:00:00Z,vibration_mm_s,2.55,m/s,2026-S1,fabriquée
EQ-OVEN-386,2026-02-22T18:00:00Z,temperature_c,67.69,°C,2026-S1,fabriquée
EQ-PUMP-171,2026-02-22T18:00:00Z,vibration_mm_s,2.90,m/s,2026-S1,fabriquée
EQ-OVEN-386,2026-02-23T00:00:00Z,temperature_c,62.16,°C,2026-S1,fabriquée
EQ-PUMP-171,2026-02-23T00:00:00Z,vibration_mm_s,2.83,m/s,2026-S1,fabriquée
EQ-OVEN-386,2026-02-23T06:00:00Z,temperature_c,67.16,°C,2026-S1,fabriquée
EQ-PUMP-171,2026-02-23T06:00:00Z,vibration_mm_s,2.42,m/s,2026-S1,fabriquée
EQ-CONV-262,2026-02-23T12:00:00Z,rpm,1455.58,rpm,2026-S1,réelle
EQ-OVEN-123,2026-02-23T12:00:00Z,current_a,23.56,A,2026-S1,réelle
EQ-CONV-262,2026-02-23T18:00:00Z,rpm,1483.01,rpm,2026-S1,réelle
EQ-OVEN-123,2026-02-23T18:00:00Z,current_a,21.91,A,2026-S1,réelle
EQ-CONV-262,2026-02-24T00:00:00Z,rpm,1475.25,rpm,2026-S1,réelle
EQ-OVEN-123,2026-02-24T00:00:00Z,current_a,25.35,A,2026-S1,réelle
EQ-CONV-262,2026-02-24T06:00:00Z,rpm,1434.51,rpm,2026-S1,réelle
EQ-OVEN-123,2026-02-24T06:00:00Z,current_a,26.15,A,2026-S1,réelle
EQ-CONV-262,2026-02-24T12:00:00Z,rpm,1450.01,rpm,2026-S1,réelle
EQ-OVEN-123,2026-02-24T12:00:00Z,current_a,24.82,A,2026-S1,réelle
EQ-CONV-262,2026-02-24T18:00:00Z,rpm,1544.85,rpm,2026-S1,réelle
EQ-OVEN-123,2026-02-24T18:00:00Z,current_a,22.63,A,2026-S1,réelle
EQ-CONV-262,2026-02-25T00:00:00Z,rpm,1485.90,rpm,2026-S1,réelle
EQ-OVEN-123,2026-02-25T00:00:00Z,current_a,25.27,A,2026-S1,réelle
EQ-CONV-262,2026-02-25T06:00:00Z,rpm,1438.53,rpm,2026-S1,réelle
EQ-OVEN-123,2026-02-25T06:00:00Z,current_a,26.90,A,2026-S1,réelle
EQ-CONV-262,2026-02-25T12:00:00Z,rpm,1458.55,rpm,2026-S1,réelle
EQ-OVEN-123,2026-02-25T12:00:00Z,current_a,23.80,A,2026-S1,réelle
EQ-CONV-262,2026-02-25T18:00:00Z,rpm,1515.89,rpm,2026-S1,réelle
EQ-OVEN-123,2026-02-25T18:00:00Z,current_a,22.74,A,2026-S1,réelle
EQ-CONV-262,2026-02-26T00:00:00Z,rpm,1459.62,rpm,2026-S1,réelle
EQ-OVEN-123,2026-02-26T00:00:00Z,current_a,25.24,A,2026-S1,réelle
EQ-CONV-262,2026-02-26T06:00:00Z,rpm,1454.47,rpm,2026-S1,réelle
EQ-OVEN-123,2026-02-26T06:00:00Z,current_a,26.20,A,2026-S1,réelle
EQ-CONV-262,2026-02-26T12:00:00Z,rpm,1462.69,rpm,2026-S1,réelle
EQ-OVEN-123,2026-02-26T12:00:00Z,current_a,23.08,A,2026-S1,réelle
EQ-CONV-262,2026-02-26T18:00:00Z,rpm,1490.81,rpm,2026-S1,réelle
EQ-OVEN-123,2026-02-26T18:00:00Z,current_a,22.10,A,2026-S1,réelle
EQ-CONV-262,2026-02-27T00:00:00Z,rpm,1481.23,rpm,2026-S1,réelle
EQ-OVEN-123,2026-02-27T00:00:00Z,current_a,25.32,A,2026-S1,réelle
EQ-CONV-262,2026-02-27T06:00:00Z,rpm,1417.66,rpm,2026-S1,réelle
EQ-OVEN-123,2026-02-27T06:00:00Z,current_a,26.07,A,2026-S1,réelle
EQ-CONV-262,2026-02-27T12:00:00Z,rpm,1452.76,rpm,2026-S1,réelle
EQ-OVEN-123,2026-02-27T12:00:00Z,current_a,24.65,A,2026-S1,réelle
EQ-CONV-262,2026-02-27T18:00:00Z,rpm,1541.60,rpm,2026-S1,réelle
EQ-OVEN-123,2026-02-27T18:00:00Z,current_a,23.38,A,2026-S1,réelle
EQ-CONV-262,2026-02-28T00:00:00Z,rpm,1489.65,rpm,2026-S1,réelle
EQ-OVEN-123,2026-02-28T00:00:00Z,current_a,25.87,A,2026-S1,réelle
EQ-CONV-262,2026-02-28T06:00:00Z,rpm,1406.62,rpm,2026-S1,réelle
EQ-OVEN-123,2026-02-28T06:00:00Z,current_a,26.12,A,2026-S1,réelle
EQ-CONV-262,2026-02-28T12:00:00Z,rpm,1448.57,rpm,2026-S1,réelle
EQ-OVEN-123,2026-02-28T12:00:00Z,current_a,23.09,A,2026-S1,réelle
EQ-CONV-262,2026-02-28T18:00:00Z,rpm,1522.87,rpm,2026-S1,réelle
EQ-OVEN-123,2026-02-28T18:00:00Z,current_a,21.14,A,2026-S1,réelle
EQ-CONV-262,2026-03-01T00:00:00Z,rpm,1458.18,rpm,2026-S1,réelle
EQ-OVEN-123,2026-03-01T00:00:00Z,current_a,23.00,A,2026-S1,réelle
EQ-CONV-262,2026-03-01T06:00:00Z,rpm,1401.90,rpm,2026-S1,réelle
EQ-OVEN-123,2026-03-01T06:00:00Z,current_a,25.83,A,2026-S1,réelle
EQ-CONV-262,2026-03-01T12:00:00Z,rpm,1411.51,rpm,2026-S1,réelle
EQ-OVEN-123,2026-03-01T12:00:00Z,current_a,22.26,A,2026-S1,réelle
EQ-CONV-262,2026-03-01T18:00:00Z,rpm,1501.91,rpm,2026-S1,réelle
EQ-OVEN-123,2026-03-01T18:00:00Z,current_a,20.66,A,2026-S1,réelle
EQ-CONV-262,2026-03-02T00:00:00Z,rpm,1465.83,rpm,2026-S1,réelle
EQ-OVEN-123,2026-03-02T00:00:00Z,current_a,24.11,A,2026-S1,réelle
EQ-CONV-262,2026-03-02T06:00:00Z,rpm,1401.50,rpm,2026-S1,réelle
EQ-OVEN-123,2026-03-02T06:00:00Z,current_a,25.97,A,2026-S1,réelle
EQ-CONV-262,2026-03-02T12:00:00Z,rpm,1461.05,rpm,2026-S1,réelle
EQ-OVEN-123,2026-03-02T12:00:00Z,current_a,23.55,A,2026-S1,réelle
EQ-CONV-262,2026-03-02T18:00:00Z,rpm,1487.24,rpm,2026-S1,réelle
EQ-OVEN-123,2026-03-02T18:00:00Z,current_a,24.92,A,2026-S1,réelle
EQ-OVEN-366,2026-03-10T06:00:00Z,temperature_c,50.27,°C,2026-S1,fabriquée
EQ-COMP-002,2026-03-10T12:00:00Z,temperature_c,63.47,°C,2026-S1,fabriquée
EQ-OVEN-366,2026-03-10T12:00:00Z,temperature_c,50.48,°C,2026-S1,fabriquée
EQ-COMP-002,2026-03-10T18:00:00Z,temperature_c,55.75,°C,2026-S1,fabriquée
EQ-OVEN-366,2026-03-10T18:00:00Z,temperature_c,54.16,°C,2026-S1,fabriquée
EQ-COMP-002,2026-03-11T00:00:00Z,temperature_c,55.78,°C,2026-S1,fabriquée
EQ-OVEN-366,2026-03-11T00:00:00Z,temperature_c,48.22,°C,2026-S1,fabriquée
EQ-COMP-002,2026-03-11T06:00:00Z,temperature_c,60.83,°C,2026-S1,fabriquée
EQ-OVEN-366,2026-03-11T06:00:00Z,temperature_c,53.40,°C,2026-S1,fabriquée
EQ-COMP-002,2026-03-11T12:00:00Z,temperature_c,65.42,°C,2026-S1,fabriquée
EQ-OVEN-366,2026-03-11T12:00:00Z,temperature_c,48.09,°C,2026-S1,fabriquée
EQ-COMP-002,2026-03-11T18:00:00Z,temperature_c,58.91,°C,2026-S1,fabriquée
EQ-OVEN-366,2026-03-11T18:00:00Z,temperature_c,52.32,°C,2026-S1,fabriquée
EQ-COMP-002,2026-03-12T00:00:00Z,temperature_c,56.05,°C,2026-S1,fabriquée
EQ-OVEN-366,2026-03-12T00:00:00Z,temperature_c,48.61,°C,2026-S1,fabriquée
EQ-COMP-002,2026-03-12T06:00:00Z,temperature_c,63.40,°C,2026-S1,fabriquée
EQ-OVEN-366,2026-03-12T06:00:00Z,temperature_c,51.12,°C,2026-S1,fabriquée
EQ-COMP-002,2026-03-12T12:00:00Z,temperature_c,64.90,°C,2026-S1,fabriquée
EQ-OVEN-366,2026-03-12T12:00:00Z,temperature_c,44.66,°C,2026-S1,fabriquée
EQ-COMP-002,2026-03-12T18:00:00Z,temperature_c,60.80,°C,2026-S1,fabriquée
EQ-OVEN-366,2026-03-12T18:00:00Z,temperature_c,45.71,°C,2026-S1,fabriquée
EQ-COMP-002,2026-03-13T00:00:00Z,temperature_c,53.53,°C,2026-S1,fabriquée
EQ-OVEN-366,2026-03-13T00:00:00Z,temperature_c,52.03,°C,2026-S1,fabriquée
EQ-COMP-002,2026-03-13T06:00:00Z,temperature_c,53.92,°C,2026-S1,fabriquée
EQ-OVEN-366,2026-03-13T06:00:00Z,temperature_c,45.35,°C,2026-S1,fabriquée
EQ-COMP-002,2026-03-13T12:00:00Z,temperature_c,62.54,°C,2026-S1,fabriquée
EQ-OVEN-366,2026-03-13T12:00:00Z,temperature_c,52.78,°C,2026-S1,fabriquée
EQ-COMP-002,2026-03-13T18:00:00Z,temperature_c,57.96,°C,2026-S1,fabriquée
EQ-OVEN-366,2026-03-13T18:00:00Z,temperature_c,49.28,°C,2026-S1,fabriquée
EQ-COMP-002,2026-03-14T00:00:00Z,temperature_c,50.02,°C,2026-S1,fabriquée
EQ-OVEN-366,2026-03-14T00:00:00Z,temperature_c,50.50,°C,2026-S1,fabriquée
EQ-COMP-002,2026-03-14T06:00:00Z,temperature_c,56.05,°C,2026-S1,fabriquée
EQ-OVEN-366,2026-03-14T06:00:00Z,temperature_c,55.68,°C,2026-S1,fabriquée
EQ-COMP-002,2026-03-14T12:00:00Z,temperature_c,58.50,°C,2026-S1,fabriquée
EQ-OVEN-366,2026-03-14T12:00:00Z,temperature_c,52.84,°C,2026-S1,fabriquée
EQ-COMP-002,2026-03-14T18:00:00Z,temperature_c,57.59,°C,2026-S1,fabriquée
EQ-OVEN-366,2026-03-14T18:00:00Z,temperature_c,50.81,°C,2026-S1,fabriquée
EQ-COMP-002,2026-03-15T00:00:00Z,temperature_c,50.05,°C,2026-S1,fabriquée
EQ-OVEN-366,2026-03-15T00:00:00Z,temperature_c,58.22,°C,2026-S1,fabriquée
EQ-COMP-002,2026-03-15T06:00:00Z,temperature_c,54.77,°C,2026-S1,fabriquée
EQ-OVEN-366,2026-03-15T06:00:00Z,temperature_c,47.18,°C,2026-S1,fabriquée
EQ-COMP-002,2026-03-15T12:00:00Z,temperature_c,61.28,°C,2026-S1,fabriquée
EQ-OVEN-366,2026-03-15T12:00:00Z,temperature_c,55.75,°C,2026-S1,fabriquée
EQ-COMP-002,2026-03-15T18:00:00Z,temperature_c,57.93,°C,2026-S1,fabriquée
EQ-OVEN-366,2026-03-15T18:00:00Z,temperature_c,53.77,°C,2026-S1,fabriquée
EQ-COMP-002,2026-03-16T00:00:00Z,temperature_c,50.76,°C,2026-S1,fabriquée
EQ-OVEN-366,2026-03-16T00:00:00Z,temperature_c,49.93,°C,2026-S1,fabriquée
EQ-COMP-002,2026-03-16T06:00:00Z,temperature_c,57.25,°C,2026-S1,fabriquée
EQ-OVEN-366,2026-03-16T06:00:00Z,temperature_c,50.44,°C,2026-S1,fabriquée
EQ-COMP-002,2026-03-16T12:00:00Z,temperature_c,60.43,°C,2026-S1,fabriquée
EQ-OVEN-366,2026-03-16T12:00:00Z,temperature_c,54.50,°C,2026-S1,fabriquée
EQ-COMP-002,2026-03-16T18:00:00Z,temperature_c,58.84,°C,2026-S1,fabriquée
EQ-OVEN-366,2026-03-16T18:00:00Z,temperature_c,47.76,°C,2026-S1,fabriquée
EQ-COMP-002,2026-03-17T00:00:00Z,temperature_c,51.18,°C,2026-S1,fabriquée
EQ-OVEN-366,2026-03-17T00:00:00Z,temperature_c,46.27,°C,2026-S1,fabriquée
EQ-COMP-002,2026-03-17T06:00:00Z,temperature_c,58.45,°C,2026-S1,fabriquée
EQ-OVEN-366,2026-03-17T06:00:00Z,temperature_c,46.19,°C,2026-S1,fabriquée
EQ-COMP-002,2026-03-17T12:00:00Z,temperature_c,58.72,°C,2026-S1,fabriquée
EQ-OVEN-366,2026-03-17T12:00:00Z,temperature_c,49.75,°C,2026-S1,fabriquée
EQ-COMP-002,2026-03-17T18:00:00Z,temperature_c,57.97,°C,2026-S1,fabriquée
EQ-CAB-134,2026-03-18T00:00:00Z,temperature_c,60.60,°C,2026-S1,réelle
EQ-CAB-134,2026-03-18T06:00:00Z,temperature_c,53.85,°C,2026-S1,réelle
EQ-CAB-134,2026-03-18T12:00:00Z,temperature_c,52.17,°C,2026-S1,réelle
EQ-CAB-134,2026-03-18T18:00:00Z,temperature_c,55.85,°C,2026-S1,réelle
EQ-CAB-134,2026-03-19T00:00:00Z,temperature_c,60.02,°C,2026-S1,réelle
EQ-CAB-134,2026-03-19T06:00:00Z,temperature_c,51.81,°C,2026-S1,réelle
EQ-CAB-134,2026-03-19T12:00:00Z,temperature_c,53.20,°C,2026-S1,réelle
EQ-CAB-134,2026-03-19T18:00:00Z,temperature_c,57.21,°C,2026-S1,réelle
EQ-CAB-134,2026-03-20T00:00:00Z,temperature_c,60.14,°C,2026-S1,réelle
EQ-CAB-134,2026-03-20T06:00:00Z,temperature_c,54.25,°C,2026-S1,réelle
EQ-CAB-134,2026-03-20T12:00:00Z,temperature_c,52.60,°C,2026-S1,réelle
EQ-CAB-134,2026-03-20T18:00:00Z,temperature_c,59.37,°C,2026-S1,réelle
EQ-CAB-134,2026-03-21T00:00:00Z,temperature_c,55.52,°C,2026-S1,réelle
EQ-CAB-134,2026-03-21T06:00:00Z,temperature_c,50.93,°C,2026-S1,réelle
EQ-CAB-134,2026-03-21T12:00:00Z,temperature_c,50.87,°C,2026-S1,réelle
EQ-CAB-134,2026-03-21T18:00:00Z,temperature_c,56.38,°C,2026-S1,réelle
EQ-CAB-134,2026-03-22T00:00:00Z,temperature_c,60.85,°C,2026-S1,réelle
EQ-CAB-134,2026-03-22T06:00:00Z,temperature_c,51.58,°C,2026-S1,réelle
EQ-CAB-134,2026-03-22T12:00:00Z,temperature_c,51.09,°C,2026-S1,réelle
EQ-CAB-134,2026-03-22T18:00:00Z,temperature_c,56.02,°C,2026-S1,réelle
EQ-CAB-134,2026-03-23T00:00:00Z,temperature_c,60.61,°C,2026-S1,réelle
EQ-CAB-134,2026-03-23T06:00:00Z,temperature_c,55.14,°C,2026-S1,réelle
EQ-CAB-134,2026-03-23T12:00:00Z,temperature_c,48.68,°C,2026-S1,réelle
EQ-CAB-134,2026-03-23T18:00:00Z,temperature_c,57.64,°C,2026-S1,réelle
EQ-CAB-134,2026-03-24T00:00:00Z,temperature_c,60.58,°C,2026-S1,réelle
EQ-CAB-134,2026-03-24T06:00:00Z,temperature_c,54.36,°C,2026-S1,réelle
EQ-CAB-134,2026-03-24T12:00:00Z,temperature_c,51.96,°C,2026-S1,réelle
EQ-CAB-134,2026-03-24T18:00:00Z,temperature_c,53.66,°C,2026-S1,réelle
EQ-CAB-134,2026-03-25T00:00:00Z,temperature_c,62.74,°C,2026-S1,réelle
EQ-CAB-134,2026-03-25T06:00:00Z,temperature_c,54.61,°C,2026-S1,réelle
EQ-FAN-304,2026-03-25T12:00:00Z,vibration_mm_s,2.44,mm/s,2026-S1,fabriquée
EQ-FAN-304,2026-03-25T18:00:00Z,vibration_mm_s,2.81,mm/s,2026-S1,fabriquée
EQ-FAN-304,2026-03-26T00:00:00Z,vibration_mm_s,2.94,mm/s,2026-S1,fabriquée
EQ-FAN-304,2026-03-26T06:00:00Z,vibration_mm_s,2.89,mm/s,2026-S1,fabriquée
EQ-FAN-304,2026-03-26T12:00:00Z,vibration_mm_s,2.14,mm/s,2026-S1,fabriquée
EQ-FAN-304,2026-03-26T18:00:00Z,vibration_mm_s,2.14,mm/s,2026-S1,fabriquée
EQ-FAN-304,2026-03-27T00:00:00Z,vibration_mm_s,2.87,mm/s,2026-S1,fabriquée
EQ-FAN-304,2026-03-27T06:00:00Z,vibration_mm_s,2.70,mm/s,2026-S1,fabriquée
EQ-FAN-304,2026-03-27T12:00:00Z,vibration_mm_s,2.72,mm/s,2026-S1,fabriquée
EQ-FAN-304,2026-03-27T18:00:00Z,vibration_mm_s,2.96,mm/s,2026-S1,fabriquée
EQ-FAN-304,2026-03-28T00:00:00Z,vibration_mm_s,2.98,mm/s,2026-S1,fabriquée
EQ-FAN-304,2026-03-28T06:00:00Z,vibration_mm_s,2.57,mm/s,2026-S1,fabriquée
EQ-FAN-304,2026-03-28T12:00:00Z,vibration_mm_s,2.10,mm/s,2026-S1,fabriquée
EQ-FAN-304,2026-03-28T18:00:00Z,vibration_mm_s,2.55,mm/s,2026-S1,fabriquée
EQ-FAN-304,2026-03-29T00:00:00Z,vibration_mm_s,2.96,mm/s,2026-S1,fabriquée
EQ-FAN-304,2026-03-29T06:00:00Z,vibration_mm_s,2.48,mm/s,2026-S1,fabriquée
EQ-FAN-304,2026-03-29T12:00:00Z,vibration_mm_s,2.07,mm/s,2026-S1,fabriquée
EQ-FAN-304,2026-03-29T18:00:00Z,vibration_mm_s,2.47,mm/s,2026-S1,fabriquée
EQ-FAN-304,2026-03-30T00:00:00Z,vibration_mm_s,2.95,mm/s,2026-S1,fabriquée
EQ-FAN-304,2026-03-30T06:00:00Z,vibration_mm_s,2.71,mm/s,2026-S1,fabriquée
EQ-FAN-304,2026-03-30T12:00:00Z,vibration_mm_s,2.18,mm/s,2026-S1,fabriquée
EQ-FAN-304,2026-03-30T18:00:00Z,vibration_mm_s,2.38,mm/s,2026-S1,fabriquée
EQ-FAN-304,2026-03-31T00:00:00Z,vibration_mm_s,2.77,mm/s,2026-S1,fabriquée
EQ-FAN-304,2026-03-31T06:00:00Z,vibration_mm_s,2.58,mm/s,2026-S1,fabriquée
EQ-FAN-304,2026-03-31T12:00:00Z,vibration_mm_s,2.16,mm/s,2026-S1,fabriquée
EQ-FAN-304,2026-03-31T18:00:00Z,vibration_mm_s,2.09,mm/s,2026-S1,fabriquée
EQ-FAN-304,2026-04-01T00:00:00Z,vibration_mm_s,2.88,mm/s,2026-S1,fabriquée
EQ-FAN-304,2026-04-01T06:00:00Z,vibration_mm_s,3.16,mm/s,2026-S1,fabriquée
EQ-FAN-304,2026-04-01T12:00:00Z,vibration_mm_s,2.94,mm/s,2026-S1,fabriquée
EQ-FAN-304,2026-04-01T18:00:00Z,vibration_mm_s,2.49,mm/s,2026-S1,fabriquée
EQ-CONV-262,2026-04-09T06:00:00Z,current_a,27.99,A,2026-S1,réelle
EQ-PUMP-001,2026-04-09T08:00:00Z,vibration_mm_s,3.14,mm/s,2026-S1,réelle
EQ-CONV-262,2026-04-09T12:00:00Z,current_a,28.71,A,2026-S1,réelle
EQ-PUMP-001,2026-04-09T12:00:00Z,pressure_bar,5.93,bar,2026-S1,réelle
EQ-ROBOT-358,2026-04-09T12:00:00Z,current_a,22.78,A,2026-S1,fabriquée
EQ-PUMP-001,2026-04-09T14:00:00Z,vibration_mm_s,2.92,mm/s,2026-S1,réelle
EQ-CONV-262,2026-04-09T18:00:00Z,current_a,31.33,A,2026-S1,réelle
EQ-PUMP-001,2026-04-09T18:00:00Z,pressure_bar,5.59,bar,2026-S1,réelle
EQ-ROBOT-358,2026-04-09T18:00:00Z,current_a,19.05,A,2026-S1,fabriquée
EQ-PUMP-001,2026-04-09T20:00:00Z,vibration_mm_s,2.37,mm/s,2026-S1,réelle
EQ-CONV-262,2026-04-10T00:00:00Z,current_a,28.44,A,2026-S1,réelle
EQ-PUMP-001,2026-04-10T00:00:00Z,pressure_bar,6.08,bar,2026-S1,réelle
EQ-ROBOT-358,2026-04-10T00:00:00Z,current_a,20.12,A,2026-S1,fabriquée
EQ-PUMP-001,2026-04-10T02:00:00Z,vibration_mm_s,2.74,mm/s,2026-S1,réelle
EQ-CONV-262,2026-04-10T06:00:00Z,current_a,26.32,A,2026-S1,réelle
EQ-PUMP-001,2026-04-10T06:00:00Z,pressure_bar,6.44,bar,2026-S1,réelle
EQ-ROBOT-358,2026-04-10T06:00:00Z,current_a,18.54,A,2026-S1,fabriquée
EQ-PUMP-001,2026-04-10T08:00:00Z,vibration_mm_s,3.08,mm/s,2026-S1,réelle
EQ-CONV-262,2026-04-10T12:00:00Z,current_a,27.04,A,2026-S1,réelle
EQ-PUMP-001,2026-04-10T12:00:00Z,pressure_bar,5.79,bar,2026-S1,réelle
EQ-ROBOT-358,2026-04-10T12:00:00Z,current_a,19.33,A,2026-S1,fabriquée
EQ-PUMP-001,2026-04-10T14:00:00Z,vibration_mm_s,2.63,mm/s,2026-S1,réelle
EQ-CONV-262,2026-04-10T18:00:00Z,current_a,31.52,A,2026-S1,réelle
EQ-PUMP-001,2026-04-10T18:00:00Z,pressure_bar,5.96,bar,2026-S1,réelle
EQ-ROBOT-358,2026-04-10T18:00:00Z,current_a,21.24,A,2026-S1,fabriquée
EQ-PUMP-001,2026-04-10T20:00:00Z,vibration_mm_s,2.34,mm/s,2026-S1,réelle
EQ-CONV-262,2026-04-11T00:00:00Z,current_a,26.35,A,2026-S1,réelle
EQ-PUMP-001,2026-04-11T00:00:00Z,pressure_bar,6.26,bar,2026-S1,réelle
EQ-ROBOT-358,2026-04-11T00:00:00Z,current_a,18.13,A,2026-S1,fabriquée
EQ-PUMP-001,2026-04-11T02:00:00Z,vibration_mm_s,2.73,mm/s,2026-S1,réelle
EQ-CONV-262,2026-04-11T06:00:00Z,current_a,25.31,A,2026-S1,réelle
EQ-PUMP-001,2026-04-11T06:00:00Z,pressure_bar,6.50,bar,2026-S1,réelle
EQ-ROBOT-358,2026-04-11T06:00:00Z,current_a,19.60,A,2026-S1,fabriquée
EQ-PUMP-001,2026-04-11T08:00:00Z,vibration_mm_s,3.69,mm/s,2026-S1,réelle
EQ-CONV-262,2026-04-11T12:00:00Z,current_a,28.01,A,2026-S1,réelle
EQ-PUMP-001,2026-04-11T12:00:00Z,pressure_bar,6.05,bar,2026-S1,réelle
EQ-ROBOT-358,2026-04-11T12:00:00Z,current_a,22.64,A,2026-S1,fabriquée
EQ-PUMP-001,2026-04-11T14:00:00Z,vibration_mm_s,3.17,mm/s,2026-S1,réelle
EQ-CONV-262,2026-04-11T18:00:00Z,current_a,30.15,A,2026-S1,réelle
EQ-PUMP-001,2026-04-11T18:00:00Z,pressure_bar,5.62,bar,2026-S1,réelle
EQ-ROBOT-358,2026-04-11T18:00:00Z,current_a,22.27,A,2026-S1,fabriquée
EQ-PUMP-001,2026-04-11T20:00:00Z,vibration_mm_s,2.45,mm/s,2026-S1,réelle
EQ-CONV-262,2026-04-12T00:00:00Z,current_a,28.28,A,2026-S1,réelle
EQ-PUMP-001,2026-04-12T00:00:00Z,pressure_bar,5.94,bar,2026-S1,réelle
EQ-ROBOT-358,2026-04-12T00:00:00Z,current_a,22.77,A,2026-S1,fabriquée
EQ-PUMP-001,2026-04-12T02:00:00Z,vibration_mm_s,2.77,mm/s,2026-S1,réelle
EQ-CONV-262,2026-04-12T06:00:00Z,current_a,25.77,A,2026-S1,réelle
EQ-PUMP-001,2026-04-12T06:00:00Z,pressure_bar,6.13,bar,2026-S1,réelle
EQ-ROBOT-358,2026-04-12T06:00:00Z,current_a,20.33,A,2026-S1,fabriquée
EQ-PUMP-001,2026-04-12T08:00:00Z,vibration_mm_s,3.14,mm/s,2026-S1,réelle
EQ-CONV-262,2026-04-12T12:00:00Z,current_a,28.71,A,2026-S1,réelle
EQ-PUMP-001,2026-04-12T12:00:00Z,pressure_bar,5.80,bar,2026-S1,réelle
EQ-ROBOT-358,2026-04-12T12:00:00Z,current_a,19.74,A,2026-S1,fabriquée
EQ-PUMP-001,2026-04-12T14:00:00Z,vibration_mm_s,2.27,mm/s,2026-S1,réelle
EQ-CONV-262,2026-04-12T18:00:00Z,current_a,31.04,A,2026-S1,réelle
EQ-PUMP-001,2026-04-12T18:00:00Z,pressure_bar,6.04,bar,2026-S1,réelle
EQ-ROBOT-358,2026-04-12T18:00:00Z,current_a,22.41,A,2026-S1,fabriquée
EQ-PUMP-001,2026-04-12T20:00:00Z,vibration_mm_s,2.30,mm/s,2026-S1,réelle
EQ-CONV-262,2026-04-13T00:00:00Z,current_a,29.03,A,2026-S1,réelle
EQ-PUMP-001,2026-04-13T00:00:00Z,pressure_bar,6.46,bar,2026-S1,réelle
EQ-ROBOT-358,2026-04-13T00:00:00Z,current_a,18.15,A,2026-S1,fabriquée
EQ-PUMP-001,2026-04-13T02:00:00Z,vibration_mm_s,2.87,mm/s,2026-S1,réelle
EQ-CONV-262,2026-04-13T06:00:00Z,current_a,25.42,A,2026-S1,réelle
EQ-PUMP-001,2026-04-13T06:00:00Z,pressure_bar,6.38,bar,2026-S1,réelle
EQ-ROBOT-358,2026-04-13T06:00:00Z,current_a,18.42,A,2026-S1,fabriquée
EQ-PUMP-001,2026-04-13T08:00:00Z,vibration_mm_s,3.33,mm/s,2026-S1,réelle
EQ-CONV-262,2026-04-13T12:00:00Z,current_a,27.80,A,2026-S1,réelle
EQ-PUMP-001,2026-04-13T12:00:00Z,pressure_bar,6.06,bar,2026-S1,réelle
EQ-ROBOT-358,2026-04-13T12:00:00Z,current_a,20.29,A,2026-S1,fabriquée
EQ-PUMP-001,2026-04-13T14:00:00Z,vibration_mm_s,2.75,mm/s,2026-S1,réelle
EQ-CONV-262,2026-04-13T18:00:00Z,current_a,31.20,A,2026-S1,réelle
EQ-PUMP-001,2026-04-13T18:00:00Z,pressure_bar,5.72,bar,2026-S1,réelle
EQ-ROBOT-358,2026-04-13T18:00:00Z,current_a,20.56,A,2026-S1,fabriquée
EQ-PUMP-001,2026-04-13T20:00:00Z,vibration_mm_s,2.17,mm/s,2026-S1,réelle
EQ-CONV-262,2026-04-14T00:00:00Z,current_a,29.56,A,2026-S1,réelle
EQ-PUMP-001,2026-04-14T00:00:00Z,pressure_bar,6.36,bar,2026-S1,réelle
EQ-ROBOT-358,2026-04-14T00:00:00Z,current_a,22.37,A,2026-S1,fabriquée
EQ-PUMP-001,2026-04-14T02:00:00Z,vibration_mm_s,3.10,mm/s,2026-S1,réelle
EQ-CONV-262,2026-04-14T06:00:00Z,current_a,24.77,A,2026-S1,réelle
EQ-PUMP-001,2026-04-14T06:00:00Z,pressure_bar,6.31,bar,2026-S1,réelle
EQ-ROBOT-358,2026-04-14T06:00:00Z,current_a,22.31,A,2026-S1,fabriquée
EQ-PUMP-001,2026-04-14T08:00:00Z,vibration_mm_s,3.36,mm/s,2026-S1,réelle
EQ-CONV-262,2026-04-14T12:00:00Z,current_a,29.24,A,2026-S1,réelle
EQ-PUMP-001,2026-04-14T12:00:00Z,pressure_bar,5.73,bar,2026-S1,réelle
EQ-ROBOT-358,2026-04-14T12:00:00Z,current_a,21.39,A,2026-S1,fabriquée
EQ-PUMP-001,2026-04-14T14:00:00Z,vibration_mm_s,2.71,mm/s,2026-S1,réelle
EQ-CONV-262,2026-04-14T18:00:00Z,current_a,32.74,A,2026-S1,réelle
EQ-PUMP-001,2026-04-14T18:00:00Z,pressure_bar,5.88,bar,2026-S1,réelle
EQ-ROBOT-358,2026-04-14T18:00:00Z,current_a,23.50,A,2026-S1,fabriquée
EQ-PUMP-001,2026-04-14T20:00:00Z,vibration_mm_s,2.83,mm/s,2026-S1,réelle
EQ-CONV-262,2026-04-15T00:00:00Z,current_a,29.57,A,2026-S1,réelle
EQ-PUMP-001,2026-04-15T00:00:00Z,pressure_bar,6.29,bar,2026-S1,réelle
EQ-ROBOT-358,2026-04-15T00:00:00Z,current_a,19.39,A,2026-S1,fabriquée
EQ-PUMP-001,2026-04-15T02:00:00Z,vibration_mm_s,2.77,mm/s,2026-S1,réelle
EQ-CONV-262,2026-04-15T06:00:00Z,current_a,26.51,A,2026-S1,réelle
EQ-PUMP-001,2026-04-15T06:00:00Z,pressure_bar,6.33,bar,2026-S1,réelle
EQ-ROBOT-358,2026-04-15T06:00:00Z,current_a,23.22,A,2026-S1,fabriquée
EQ-PUMP-001,2026-04-15T08:00:00Z,vibration_mm_s,3.62,mm/s,2026-S1,réelle
EQ-CONV-262,2026-04-15T12:00:00Z,current_a,28.51,A,2026-S1,réelle
EQ-PUMP-001,2026-04-15T12:00:00Z,pressure_bar,5.86,bar,2026-S1,réelle
EQ-ROBOT-358,2026-04-15T12:00:00Z,current_a,18.89,A,2026-S1,fabriquée
EQ-PUMP-001,2026-04-15T14:00:00Z,vibration_mm_s,2.63,mm/s,2026-S1,réelle
EQ-CONV-262,2026-04-15T18:00:00Z,current_a,30.75,A,2026-S1,réelle
EQ-PUMP-001,2026-04-15T18:00:00Z,pressure_bar,5.81,bar,2026-S1,réelle
EQ-ROBOT-358,2026-04-15T18:00:00Z,current_a,19.02,A,2026-S1,fabriquée
EQ-PUMP-001,2026-04-15T20:00:00Z,vibration_mm_s,2.56,mm/s,2026-S1,réelle
EQ-CONV-262,2026-04-16T00:00:00Z,current_a,27.50,A,2026-S1,réelle
EQ-PUMP-001,2026-04-16T00:00:00Z,pressure_bar,6.21,bar,2026-S1,réelle
EQ-ROBOT-358,2026-04-16T00:00:00Z,current_a,20.40,A,2026-S1,fabriquée
EQ-PUMP-001,2026-04-16T02:00:00Z,vibration_mm_s,3.31,mm/s,2026-S1,réelle
EQ-CONV-262,2026-04-16T06:00:00Z,current_a,26.99,A,2026-S1,réelle
EQ-PUMP-001,2026-04-16T06:00:00Z,pressure_bar,6.36,bar,2026-S1,réelle
EQ-ROBOT-358,2026-04-16T06:00:00Z,current_a,20.08,A,2026-S1,fabriquée
EQ-PUMP-001,2026-04-16T08:00:00Z,vibration_mm_s,3.49,mm/s,2026-S1,réelle
EQ-CONV-262,2026-04-16T12:00:00Z,current_a,28.05,A,2026-S1,réelle
EQ-PUMP-001,2026-04-16T12:00:00Z,pressure_bar,5.93,bar,2026-S1,réelle
EQ-ROBOT-358,2026-04-16T12:00:00Z,current_a,20.23,A,2026-S1,fabriquée
EQ-PUMP-001,2026-04-16T14:00:00Z,vibration_mm_s,2.94,mm/s,2026-S1,réelle
EQ-PUMP-001,2026-04-16T18:00:00Z,pressure_bar,5.87,bar,2026-S1,réelle
EQ-ROBOT-358,2026-04-16T18:00:00Z,current_a,23.89,A,2026-S1,fabriquée
EQ-COMP-002,2026-04-17T00:00:00Z,temperature_c,62.35,°C,2026-S1,réelle
EQ-CONV-376,2026-04-17T00:00:00Z,rpm,1576.36,rpm,2026-S1,réelle
EQ-MIX-159,2026-04-17T00:23:00Z,vibration_mm_s,2.31,mm/s,2026-S1,fabriquée
EQ-COMP-002,2026-04-17T06:00:00Z,temperature_c,60.43,°C,2026-S1,réelle
EQ-CONV-376,2026-04-17T06:00:00Z,rpm,1525.30,rpm,2026-S1,réelle
EQ-MIX-159,2026-04-17T06:41:00Z,vibration_mm_s,3.51,mm/s,2026-S1,fabriquée
EQ-COMP-002,2026-04-17T12:00:00Z,temperature_c,54.93,°C,2026-S1,réelle
EQ-CONV-376,2026-04-17T12:00:00Z,rpm,1456.81,rpm,2026-S1,réelle
EQ-MIX-159,2026-04-17T12:11:00Z,vibration_mm_s,3.22,mm/s,2026-S1,fabriquée
EQ-COMP-002,2026-04-17T18:00:00Z,temperature_c,58.98,°C,2026-S1,réelle
EQ-CONV-376,2026-04-17T18:00:00Z,rpm,1540.94,rpm,2026-S1,réelle
EQ-MIX-159,2026-04-17T18:41:00Z,vibration_mm_s,2.71,mm/s,2026-S1,fabriquée
EQ-COMP-002,2026-04-18T00:00:00Z,temperature_c,61.57,°C,2026-S1,réelle
EQ-CONV-376,2026-04-18T00:00:00Z,rpm,1546.63,rpm,2026-S1,réelle
EQ-MIX-159,2026-04-18T00:11:00Z,vibration_mm_s,2.78,mm/s,2026-S1,fabriquée
EQ-COMP-002,2026-04-18T06:00:00Z,temperature_c,61.66,°C,2026-S1,réelle
EQ-CONV-376,2026-04-18T06:00:00Z,rpm,1518.06,rpm,2026-S1,réelle
EQ-MIX-159,2026-04-18T06:23:00Z,vibration_mm_s,3.13,mm/s,2026-S1,fabriquée
EQ-COMP-002,2026-04-18T12:00:00Z,temperature_c,50.68,°C,2026-S1,réelle
EQ-CONV-376,2026-04-18T12:00:00Z,rpm,1482.98,rpm,2026-S1,réelle
EQ-MIX-159,2026-04-18T12:11:00Z,vibration_mm_s,3.17,mm/s,2026-S1,fabriquée
EQ-MIX-159,2026-04-18T17:23:00Z,vibration_mm_s,2.07,mm/s,2026-S1,fabriquée
EQ-COMP-002,2026-04-18T18:00:00Z,temperature_c,52.77,°C,2026-S1,réelle
EQ-CONV-376,2026-04-18T18:00:00Z,rpm,1447.15,rpm,2026-S1,réelle
EQ-MIX-159,2026-04-18T23:23:00Z,vibration_mm_s,2.45,mm/s,2026-S1,fabriquée
EQ-COMP-002,2026-04-19T00:00:00Z,temperature_c,61.61,°C,2026-S1,réelle
EQ-CONV-376,2026-04-19T00:00:00Z,rpm,1566.08,rpm,2026-S1,réelle
EQ-MIX-159,2026-04-19T05:23:00Z,vibration_mm_s,3.14,mm/s,2026-S1,fabriquée
EQ-COMP-002,2026-04-19T06:00:00Z,temperature_c,61.87,°C,2026-S1,réelle
EQ-CONV-376,2026-04-19T06:00:00Z,rpm,1508.14,rpm,2026-S1,réelle
EQ-MIX-159,2026-04-19T11:41:00Z,vibration_mm_s,2.59,mm/s,2026-S1,fabriquée
EQ-COMP-002,2026-04-19T12:00:00Z,temperature_c,53.30,°C,2026-S1,réelle
EQ-CONV-376,2026-04-19T12:00:00Z,rpm,1445.96,rpm,2026-S1,réelle
EQ-MIX-159,2026-04-19T17:41:00Z,vibration_mm_s,2.43,mm/s,2026-S1,fabriquée
EQ-COMP-002,2026-04-19T18:00:00Z,temperature_c,56.93,°C,2026-S1,réelle
EQ-CONV-376,2026-04-19T18:00:00Z,rpm,1483.86,rpm,2026-S1,réelle
EQ-COMP-002,2026-04-20T00:00:00Z,temperature_c,62.51,°C,2026-S1,réelle
EQ-CONV-376,2026-04-20T00:00:00Z,rpm,1546.89,rpm,2026-S1,réelle
EQ-MIX-159,2026-04-20T00:23:00Z,vibration_mm_s,2.62,mm/s,2026-S1,fabriquée
EQ-MIX-159,2026-04-20T05:07:00Z,vibration_mm_s,2.81,mm/s,2026-S1,fabriquée
EQ-COMP-002,2026-04-20T06:00:00Z,temperature_c,61.78,°C,2026-S1,réelle
EQ-CONV-376,2026-04-20T06:00:00Z,rpm,1522.89,rpm,2026-S1,réelle
EQ-COMP-002,2026-04-20T12:00:00Z,temperature_c,59.45,°C,2026-S1,réelle
EQ-CONV-376,2026-04-20T12:00:00Z,rpm,1462.05,rpm,2026-S1,réelle
EQ-MIX-159,2026-04-20T12:11:00Z,vibration_mm_s,3.02,mm/s,2026-S1,fabriquée
EQ-MIX-159,2026-04-20T17:41:00Z,vibration_mm_s,2.46,mm/s,2026-S1,fabriquée
EQ-COMP-002,2026-04-20T18:00:00Z,temperature_c,57.18,°C,2026-S1,réelle
EQ-CONV-376,2026-04-20T18:00:00Z,rpm,1520.77,rpm,2026-S1,réelle
EQ-MIX-159,2026-04-20T23:07:00Z,vibration_mm_s,2.86,mm/s,2026-S1,fabriquée
EQ-COMP-002,2026-04-21T00:00:00Z,temperature_c,61.58,°C,2026-S1,réelle
EQ-CONV-376,2026-04-21T00:00:00Z,rpm,1572.50,rpm,2026-S1,réelle
EQ-COMP-002,2026-04-21T06:00:00Z,temperature_c,62.50,°C,2026-S1,réelle
EQ-CONV-376,2026-04-21T06:00:00Z,rpm,1565.85,rpm,2026-S1,réelle
EQ-MIX-159,2026-04-21T06:11:00Z,vibration_mm_s,2.81,mm/s,2026-S1,fabriquée
EQ-MIX-159,2026-04-21T11:23:00Z,vibration_mm_s,2.64,mm/s,2026-S1,fabriquée
EQ-COMP-002,2026-04-21T12:00:00Z,temperature_c,53.90,°C,2026-S1,réelle
EQ-CONV-376,2026-04-21T12:00:00Z,rpm,1491.10,rpm,2026-S1,réelle
EQ-MIX-159,2026-04-21T17:07:00Z,vibration_mm_s,2.21,mm/s,2026-S1,fabriquée
EQ-COMP-002,2026-04-21T18:00:00Z,temperature_c,60.09,°C,2026-S1,réelle
EQ-CONV-376,2026-04-21T18:00:00Z,rpm,1509.77,rpm,2026-S1,réelle
EQ-MIX-159,2026-04-21T23:41:00Z,vibration_mm_s,2.87,mm/s,2026-S1,fabriquée
EQ-COMP-002,2026-04-22T00:00:00Z,temperature_c,63.68,°C,2026-S1,réelle
EQ-CONV-376,2026-04-22T00:00:00Z,rpm,1518.40,rpm,2026-S1,réelle
EQ-COMP-002,2026-04-22T06:00:00Z,temperature_c,63.52,°C,2026-S1,réelle
EQ-CONV-376,2026-04-22T06:00:00Z,rpm,1565.66,rpm,2026-S1,réelle
EQ-MIX-159,2026-04-22T06:11:00Z,vibration_mm_s,3.39,mm/s,2026-S1,fabriquée
EQ-COMP-002,2026-04-22T12:00:00Z,temperature_c,55.06,°C,2026-S1,réelle
EQ-CONV-376,2026-04-22T12:00:00Z,rpm,1460.33,rpm,2026-S1,réelle
EQ-MIX-159,2026-04-22T12:23:00Z,vibration_mm_s,3.02,mm/s,2026-S1,fabriquée
EQ-COMP-002,2026-04-22T18:00:00Z,temperature_c,55.11,°C,2026-S1,réelle
EQ-CONV-376,2026-04-22T18:00:00Z,rpm,1517.76,rpm,2026-S1,réelle
EQ-MIX-159,2026-04-22T18:41:00Z,vibration_mm_s,2.05,mm/s,2026-S1,fabriquée
EQ-COMP-002,2026-04-23T00:00:00Z,temperature_c,64.33,°C,2026-S1,réelle
EQ-CONV-376,2026-04-23T00:00:00Z,rpm,1558.87,rpm,2026-S1,réelle
EQ-MIX-159,2026-04-23T00:23:00Z,vibration_mm_s,2.82,mm/s,2026-S1,fabriquée
EQ-COMP-002,2026-04-23T06:00:00Z,temperature_c,59.09,°C,2026-S1,réelle
EQ-CONV-376,2026-04-23T06:00:00Z,rpm,1563.86,rpm,2026-S1,réelle
EQ-MIX-159,2026-04-23T06:41:00Z,vibration_mm_s,2.78,mm/s,2026-S1,fabriquée
EQ-COMP-002,2026-04-23T12:00:00Z,temperature_c,57.67,°C,2026-S1,réelle
EQ-CONV-376,2026-04-23T12:00:00Z,rpm,1479.22,rpm,2026-S1,réelle
EQ-MIX-159,2026-04-23T12:11:00Z,vibration_mm_s,2.84,mm/s,2026-S1,fabriquée
EQ-COMP-002,2026-04-23T18:00:00Z,temperature_c,57.64,°C,2026-S1,réelle
EQ-CONV-376,2026-04-23T18:00:00Z,rpm,1504.32,rpm,2026-S1,réelle
EQ-MIX-159,2026-04-23T18:11:00Z,vibration_mm_s,2.86,mm/s,2026-S1,fabriquée
EQ-MIX-159,2026-04-23T23:41:00Z,vibration_mm_s,2.48,mm/s,2026-S1,fabriquée
EQ-COMP-002,2026-04-24T00:00:00Z,temperature_c,62.72,°C,2026-S1,réelle
EQ-CONV-376,2026-04-24T00:00:00Z,rpm,1558.07,rpm,2026-S1,réelle
EQ-MIX-159,2026-04-24T05:23:00Z,vibration_mm_s,3.20,mm/s,2026-S1,fabriquée
EQ-COMP-002,2026-04-24T06:00:00Z,temperature_c,62.94,°C,2026-S1,réelle
EQ-CONV-376,2026-04-24T06:00:00Z,rpm,1550.69,rpm,2026-S1,réelle
EQ-FAN-304,2026-05-02T00:00:00Z,rpm,1469.59,rpm,2026-S1,réelle
EQ-FAN-304,2026-05-02T06:00:00Z,rpm,1464.10,rpm,2026-S1,réelle
EQ-FAN-304,2026-05-02T12:00:00Z,rpm,1551.10,rpm,2026-S1,réelle
EQ-FAN-304,2026-05-02T18:00:00Z,rpm,1522.15,rpm,2026-S1,réelle
EQ-FAN-304,2026-05-03T00:00:00Z,rpm,1496.09,rpm,2026-S1,réelle
EQ-FAN-304,2026-05-03T06:00:00Z,rpm,1508.54,rpm,2026-S1,réelle
EQ-FAN-304,2026-05-03T12:00:00Z,rpm,1551.58,rpm,2026-S1,réelle
EQ-FAN-304,2026-05-03T18:00:00Z,rpm,1526.69,rpm,2026-S1,réelle
EQ-FAN-304,2026-05-04T00:00:00Z,rpm,1506.79,rpm,2026-S1,réelle
EQ-FAN-304,2026-05-04T06:00:00Z,rpm,1493.33,rpm,2026-S1,réelle
EQ-FAN-304,2026-05-04T12:00:00Z,rpm,1566.88,rpm,2026-S1,réelle
EQ-FAN-304,2026-05-04T18:00:00Z,rpm,1553.92,rpm,2026-S1,réelle
EQ-FAN-304,2026-05-05T00:00:00Z,rpm,1472.93,rpm,2026-S1,réelle
EQ-FAN-304,2026-05-05T06:00:00Z,rpm,1490.26,rpm,2026-S1,réelle
EQ-FAN-304,2026-05-05T12:00:00Z,rpm,1566.51,rpm,2026-S1,réelle
EQ-FAN-304,2026-05-05T18:00:00Z,rpm,1546.19,rpm,2026-S1,réelle
EQ-FAN-304,2026-05-06T00:00:00Z,rpm,1505.26,rpm,2026-S1,réelle
EQ-FAN-304,2026-05-06T06:00:00Z,rpm,1516.87,rpm,2026-S1,réelle
EQ-FAN-304,2026-05-06T12:00:00Z,rpm,1598.97,rpm,2026-S1,réelle
EQ-FAN-304,2026-05-06T18:00:00Z,rpm,1573.41,rpm,2026-S1,réelle
EQ-FAN-304,2026-05-07T00:00:00Z,rpm,1486.70,rpm,2026-S1,réelle
EQ-FAN-304,2026-05-07T06:00:00Z,rpm,1514.44,rpm,2026-S1,réelle
EQ-FAN-304,2026-05-07T12:00:00Z,rpm,1574.03,rpm,2026-S1,réelle
EQ-FAN-304,2026-05-07T18:00:00Z,rpm,1577.01,rpm,2026-S1,réelle
EQ-FAN-304,2026-05-08T00:00:00Z,rpm,1457.54,rpm,2026-S1,réelle
EQ-FAN-304,2026-05-08T06:00:00Z,rpm,1464.20,rpm,2026-S1,réelle
EQ-FAN-304,2026-05-08T12:00:00Z,rpm,1562.38,rpm,2026-S1,réelle
EQ-FAN-304,2026-05-08T18:00:00Z,rpm,1541.10,rpm,2026-S1,réelle
EQ-FAN-304,2026-05-09T00:00:00Z,rpm,1476.32,rpm,2026-S1,réelle
EQ-FAN-304,2026-05-09T06:00:00Z,rpm,1436.67,rpm,2026-S1,réelle
EQ-CONV-003,2026-05-17T00:00:00Z,rpm,1280.54,rpm,2026-S1,réelle
EQ-CONV-003,2026-05-17T06:00:00Z,rpm,1244.89,rpm,2026-S1,réelle
EQ-CONV-003,2026-05-17T12:00:00Z,rpm,1275.04,rpm,2026-S1,réelle
EQ-CONV-003,2026-05-17T18:00:00Z,rpm,1343.13,rpm,2026-S1,réelle
EQ-CONV-003,2026-05-18T00:00:00Z,rpm,1298.28,rpm,2026-S1,réelle
EQ-CONV-003,2026-05-18T06:00:00Z,rpm,1246.60,rpm,2026-S1,réelle
EQ-CONV-003,2026-05-18T12:00:00Z,rpm,1253.13,rpm,2026-S1,réelle
EQ-CONV-003,2026-05-18T18:00:00Z,rpm,1337.49,rpm,2026-S1,réelle
EQ-CONV-003,2026-05-19T00:00:00Z,rpm,1267.25,rpm,2026-S1,réelle
EQ-CONV-003,2026-05-19T06:00:00Z,rpm,1214.70,rpm,2026-S1,réelle
EQ-CONV-003,2026-05-19T12:00:00Z,rpm,1240.26,rpm,2026-S1,réelle
EQ-CONV-003,2026-05-19T18:00:00Z,rpm,1276.70,rpm,2026-S1,réelle
EQ-CONV-003,2026-05-20T00:00:00Z,rpm,1169.75,rpm,2026-S1,réelle
EQ-CONV-003,2026-05-20T06:00:00Z,rpm,1120.52,rpm,2026-S1,réelle
EQ-CONV-003,2026-05-20T12:00:00Z,rpm,1209.39,rpm,2026-S1,réelle
EQ-CONV-003,2026-05-20T18:00:00Z,rpm,1255.61,rpm,2026-S1,réelle
EQ-CONV-003,2026-05-21T00:00:00Z,rpm,1191.34,rpm,2026-S1,réelle
EQ-CONV-003,2026-05-21T06:00:00Z,rpm,1104.53,rpm,2026-S1,réelle
EQ-CONV-003,2026-05-21T12:00:00Z,rpm,1189.70,rpm,2026-S1,réelle
EQ-CONV-003,2026-05-21T18:00:00Z,rpm,1278.22,rpm,2026-S1,réelle
EQ-CONV-003,2026-05-22T00:00:00Z,rpm,1273.73,rpm,2026-S1,réelle
EQ-CONV-003,2026-05-22T06:00:00Z,rpm,1241.81,rpm,2026-S1,réelle
EQ-CONV-003,2026-05-22T12:00:00Z,rpm,1289.15,rpm,2026-S1,réelle
EQ-CONV-003,2026-05-22T18:00:00Z,rpm,1317.94,rpm,2026-S1,réelle
EQ-CONV-003,2026-05-23T00:00:00Z,rpm,1309.62,rpm,2026-S1,réelle
EQ-CONV-003,2026-05-23T06:00:00Z,rpm,1246.92,rpm,2026-S1,réelle
EQ-CONV-003,2026-05-23T12:00:00Z,rpm,1286.84,rpm,2026-S1,réelle
EQ-CONV-003,2026-05-23T18:00:00Z,rpm,1334.47,rpm,2026-S1,réelle
EQ-CONV-003,2026-05-24T00:00:00Z,rpm,1308.18,rpm,2026-S1,réelle
EQ-CONV-003,2026-05-24T06:00:00Z,rpm,1228.41,rpm,2026-S1,réelle
EQ-CHILL-115,2026-05-24T12:00:00Z,pressure_bar,6.73,bar,2026-S1,réelle
EQ-STEAM-352,2026-05-24T12:00:00Z,pressure_bar,6.48,bar,2026-S1,réelle
EQ-CHILL-115,2026-05-24T18:00:00Z,pressure_bar,6.81,bar,2026-S1,réelle
EQ-STEAM-352,2026-05-24T18:00:00Z,pressure_bar,5.98,bar,2026-S1,réelle
EQ-CHILL-115,2026-05-25T00:00:00Z,pressure_bar,7.22,bar,2026-S1,réelle
EQ-STEAM-352,2026-05-25T00:00:00Z,pressure_bar,6.30,bar,2026-S1,réelle
EQ-CHILL-115,2026-05-25T06:00:00Z,pressure_bar,7.18,bar,2026-S1,réelle
EQ-STEAM-352,2026-05-25T06:00:00Z,pressure_bar,6.65,bar,2026-S1,réelle
EQ-CHILL-115,2026-05-25T12:00:00Z,pressure_bar,6.83,bar,2026-S1,réelle
EQ-STEAM-352,2026-05-25T12:00:00Z,pressure_bar,6.71,bar,2026-S1,réelle
EQ-CHILL-115,2026-05-25T18:00:00Z,pressure_bar,6.92,bar,2026-S1,réelle
EQ-STEAM-352,2026-05-25T18:00:00Z,pressure_bar,6.19,bar,2026-S1,réelle
EQ-CHILL-115,2026-05-26T00:00:00Z,pressure_bar,7.20,bar,2026-S1,réelle
EQ-STEAM-352,2026-05-26T00:00:00Z,pressure_bar,6.15,bar,2026-S1,réelle
EQ-CHILL-115,2026-05-26T06:00:00Z,pressure_bar,7.03,bar,2026-S1,réelle
EQ-STEAM-352,2026-05-26T06:00:00Z,pressure_bar,6.65,bar,2026-S1,réelle
EQ-CHILL-115,2026-05-26T12:00:00Z,pressure_bar,6.59,bar,2026-S1,réelle
EQ-STEAM-352,2026-05-26T12:00:00Z,pressure_bar,6.66,bar,2026-S1,réelle
EQ-CHILL-115,2026-05-26T18:00:00Z,pressure_bar,6.82,bar,2026-S1,réelle
EQ-STEAM-352,2026-05-26T18:00:00Z,pressure_bar,5.99,bar,2026-S1,réelle
EQ-CHILL-115,2026-05-27T00:00:00Z,pressure_bar,7.23,bar,2026-S1,réelle
EQ-STEAM-352,2026-05-27T00:00:00Z,pressure_bar,6.06,bar,2026-S1,réelle
EQ-CHILL-115,2026-05-27T06:00:00Z,pressure_bar,7.20,bar,2026-S1,réelle
EQ-STEAM-352,2026-05-27T06:00:00Z,pressure_bar,6.50,bar,2026-S1,réelle
EQ-CHILL-115,2026-05-27T12:00:00Z,pressure_bar,6.56,bar,2026-S1,réelle
EQ-STEAM-352,2026-05-27T12:00:00Z,pressure_bar,6.67,bar,2026-S1,réelle
EQ-CHILL-115,2026-05-27T18:00:00Z,pressure_bar,6.83,bar,2026-S1,réelle
EQ-STEAM-352,2026-05-27T18:00:00Z,pressure_bar,6.37,bar,2026-S1,réelle
EQ-CHILL-115,2026-05-28T00:00:00Z,pressure_bar,7.35,bar,2026-S1,réelle
EQ-STEAM-352,2026-05-28T00:00:00Z,pressure_bar,6.05,bar,2026-S1,réelle
EQ-CHILL-115,2026-05-28T06:00:00Z,pressure_bar,7.15,bar,2026-S1,réelle
EQ-STEAM-352,2026-05-28T06:00:00Z,pressure_bar,6.69,bar,2026-S1,réelle
EQ-CHILL-115,2026-05-28T12:00:00Z,pressure_bar,6.51,bar,2026-S1,réelle
EQ-STEAM-352,2026-05-28T12:00:00Z,pressure_bar,6.48,bar,2026-S1,réelle
EQ-CHILL-115,2026-05-28T18:00:00Z,pressure_bar,6.82,bar,2026-S1,réelle
EQ-STEAM-352,2026-05-28T18:00:00Z,pressure_bar,6.11,bar,2026-S1,réelle
EQ-CHILL-115,2026-05-29T00:00:00Z,pressure_bar,7.30,bar,2026-S1,réelle
EQ-STEAM-352,2026-05-29T00:00:00Z,pressure_bar,6.42,bar,2026-S1,réelle
EQ-CHILL-115,2026-05-29T06:00:00Z,pressure_bar,7.10,bar,2026-S1,réelle
EQ-STEAM-352,2026-05-29T06:00:00Z,pressure_bar,6.63,bar,2026-S1,réelle
EQ-CHILL-115,2026-05-29T12:00:00Z,pressure_bar,6.74,bar,2026-S1,réelle
EQ-STEAM-352,2026-05-29T12:00:00Z,pressure_bar,6.41,bar,2026-S1,réelle
EQ-CHILL-115,2026-05-29T18:00:00Z,pressure_bar,7.11,bar,2026-S1,réelle
EQ-STEAM-352,2026-05-29T18:00:00Z,pressure_bar,6.21,bar,2026-S1,réelle
EQ-CHILL-115,2026-05-30T00:00:00Z,pressure_bar,7.15,bar,2026-S1,réelle
EQ-STEAM-352,2026-05-30T00:00:00Z,pressure_bar,6.06,bar,2026-S1,réelle
EQ-CHILL-115,2026-05-30T06:00:00Z,pressure_bar,7.08,bar,2026-S1,réelle
EQ-STEAM-352,2026-05-30T06:00:00Z,pressure_bar,6.78,bar,2026-S1,réelle
EQ-CHILL-115,2026-05-30T12:00:00Z,pressure_bar,6.70,bar,2026-S1,réelle
EQ-STEAM-352,2026-05-30T12:00:00Z,pressure_bar,6.35,bar,2026-S1,réelle
EQ-CHILL-115,2026-05-30T18:00:00Z,pressure_bar,7.04,bar,2026-S1,réelle
EQ-STEAM-352,2026-05-30T18:00:00Z,pressure_bar,6.02,bar,2026-S1,réelle
EQ-CHILL-115,2026-05-31T00:00:00Z,pressure_bar,7.05,bar,2026-S1,réelle
EQ-STEAM-352,2026-05-31T00:00:00Z,pressure_bar,6.12,bar,2026-S1,réelle
EQ-CHILL-115,2026-05-31T06:00:00Z,pressure_bar,6.85,bar,2026-S1,réelle
EQ-STEAM-352,2026-05-31T06:00:00Z,pressure_bar,6.54,bar,2026-S1,réelle
EQ-CHILL-115,2026-05-31T12:00:00Z,pressure_bar,6.66,bar,2026-S1,réelle
EQ-STEAM-352,2026-05-31T12:00:00Z,pressure_bar,7.03,bar,2026-S1,réelle
EQ-CHILL-115,2026-05-31T18:00:00Z,pressure_bar,6.64,bar,2026-S1,réelle
EQ-STEAM-352,2026-05-31T18:00:00Z,pressure_bar,5.87,bar,2026-S1,réelle
EQ-STEAM-352,2026-06-01T00:00:00Z,pressure_bar,6.30,bar,2026-S1,réelle
EQ-STEAM-352,2026-06-01T06:00:00Z,pressure_bar,6.85,bar,2026-S1,réelle
EQ-STEAM-352,2026-06-01T12:00:00Z,pressure_bar,6.47,bar,2026-S1,réelle
EQ-STEAM-352,2026-06-01T18:00:00Z,pressure_bar,6.19,bar,2026-S1,réelle
EQ-STEAM-352,2026-06-02T00:00:00Z,pressure_bar,6.38,bar,2026-S1,réelle
EQ-STEAM-352,2026-06-02T06:00:00Z,pressure_bar,6.41,bar,2026-S1,réelle
EQ-STEAM-352,2026-06-02T12:00:00Z,pressure_bar,6.51,bar,2026-S1,réelle
EQ-STEAM-352,2026-06-02T18:00:00Z,pressure_bar,5.87,bar,2026-S1,réelle
EQ-STEAM-352,2026-06-03T00:00:00Z,pressure_bar,5.83,bar,2026-S1,réelle
EQ-STEAM-352,2026-06-03T06:00:00Z,pressure_bar,6.19,bar,2026-S1,réelle
EQ-STEAM-352,2026-06-03T12:00:00Z,pressure_bar,6.13,bar,2026-S1,réelle
EQ-STEAM-352,2026-06-03T18:00:00Z,pressure_bar,6.03,bar,2026-S1,réelle
EQ-STEAM-352,2026-06-04T00:00:00Z,pressure_bar,5.55,bar,2026-S1,réelle
EQ-STEAM-352,2026-06-04T06:00:00Z,pressure_bar,6.11,bar,2026-S1,réelle
EQ-STEAM-352,2026-06-04T12:00:00Z,pressure_bar,6.51,bar,2026-S1,réelle
EQ-STEAM-352,2026-06-04T18:00:00Z,pressure_bar,6.08,bar,2026-S1,réelle
EQ-STEAM-352,2026-06-05T00:00:00Z,pressure_bar,6.27,bar,2026-S1,réelle
EQ-STEAM-352,2026-06-05T06:00:00Z,pressure_bar,6.82,bar,2026-S1,réelle
EQ-STEAM-352,2026-06-05T12:00:00Z,pressure_bar,6.41,bar,2026-S1,réelle
EQ-STEAM-352,2026-06-05T18:00:00Z,pressure_bar,6.10,bar,2026-S1,réelle
EQ-STEAM-352,2026-06-06T00:00:00Z,pressure_bar,6.15,bar,2026-S1,réelle
EQ-STEAM-352,2026-06-06T06:00:00Z,pressure_bar,6.76,bar,2026-S1,réelle
EQ-STEAM-352,2026-06-06T12:00:00Z,pressure_bar,6.38,bar,2026-S1,réelle
EQ-STEAM-352,2026-06-06T18:00:00Z,pressure_bar,5.96,bar,2026-S1,réelle
EQ-STEAM-352,2026-06-07T00:00:00Z,pressure_bar,6.39,bar,2026-S1,réelle
EQ-STEAM-352,2026-06-07T06:00:00Z,pressure_bar,6.34,bar,2026-S1,réelle
EQ-STEAM-352,2026-06-07T12:00:00Z,pressure_bar,6.52,bar,2026-S1,réelle
EQ-STEAM-352,2026-06-07T18:00:00Z,pressure_bar,6.04,bar,2026-S1,réelle
EQ-STEAM-352,2026-06-08T00:00:00Z,pressure_bar,6.05,bar,2026-S1,réelle
EQ-STEAM-352,2026-06-08T06:00:00Z,pressure_bar,6.94,bar,2026-S1,réelle
EQ-CONV-003,2026-06-16T00:00:00Z,current_a,272.91,A,2026-S1,fabriquée
EQ-CONV-003,2026-06-16T06:00:00Z,current_a,178.95,A,2026-S1,fabriquée
EQ-CONV-003,2026-06-16T12:00:00Z,current_a,257.20,A,2026-S1,fabriquée
EQ-CONV-003,2026-06-16T18:00:00Z,current_a,210.83,A,2026-S1,fabriquée
EQ-CONV-003,2026-06-17T00:00:00Z,current_a,186.61,A,2026-S1,fabriquée
EQ-CONV-003,2026-06-17T06:00:00Z,current_a,205.35,A,2026-S1,fabriquée
EQ-CONV-003,2026-06-17T12:00:00Z,current_a,188.26,A,2026-S1,fabriquée
EQ-CONV-003,2026-06-17T18:00:00Z,current_a,242.56,A,2026-S1,fabriquée
EQ-CONV-003,2026-06-18T00:00:00Z,current_a,266.94,A,2026-S1,fabriquée
EQ-CONV-003,2026-06-18T06:00:00Z,current_a,171.28,A,2026-S1,fabriquée
EQ-CONV-003,2026-06-18T12:00:00Z,current_a,275.54,A,2026-S1,fabriquée
EQ-CONV-003,2026-06-18T18:00:00Z,current_a,222.80,A,2026-S1,fabriquée
EQ-CONV-003,2026-06-19T00:00:00Z,current_a,178.74,A,2026-S1,fabriquée
EQ-CONV-003,2026-06-19T06:00:00Z,current_a,222.21,A,2026-S1,fabriquée
EQ-CONV-003,2026-06-19T12:00:00Z,current_a,233.04,A,2026-S1,fabriquée
EQ-CONV-003,2026-06-19T18:00:00Z,current_a,190.90,A,2026-S1,fabriquée
EQ-CONV-003,2026-06-20T00:00:00Z,current_a,192.35,A,2026-S1,fabriquée
EQ-CONV-003,2026-06-20T06:00:00Z,current_a,227.11,A,2026-S1,fabriquée
EQ-CONV-003,2026-06-20T12:00:00Z,current_a,265.89,A,2026-S1,fabriquée
EQ-CONV-003,2026-06-20T18:00:00Z,current_a,173.54,A,2026-S1,fabriquée
EQ-CONV-003,2026-06-21T00:00:00Z,current_a,264.02,A,2026-S1,fabriquée
EQ-CONV-003,2026-06-21T06:00:00Z,current_a,250.78,A,2026-S1,fabriquée
EQ-CONV-003,2026-06-21T12:00:00Z,current_a,184.62,A,2026-S1,fabriquée
EQ-CONV-003,2026-06-21T18:00:00Z,current_a,207.25,A,2026-S1,fabriquée
EQ-CONV-003,2026-06-22T00:00:00Z,current_a,243.72,A,2026-S1,fabriquée
EQ-CONV-003,2026-06-22T06:00:00Z,current_a,273.49,A,2026-S1,fabriquée
EQ-CONV-003,2026-06-22T12:00:00Z,current_a,242.72,A,2026-S1,fabriquée
EQ-CONV-003,2026-06-22T18:00:00Z,current_a,181.74,A,2026-S1,fabriquée
EQ-CONV-003,2026-06-23T00:00:00Z,current_a,243.44,A,2026-S1,fabriquée
EQ-CONV-003,2026-06-23T06:00:00Z,current_a,248.62,A,2026-S1,fabriquée
